time,suhu,humidity,light_intensity,precipitation,cuaca
2026-07-02 00:00:00,20.32305908203125,0.8392751216888428,-22.16980743408203,-0.045404598116874695,0.0
2026-07-02 01:00:00,19.791170120239258,0.8592056632041931,-24.27690887451172,-0.025946959853172302,0.0
2026-07-02 02:00:00,19.312089920043945,0.8754388093948364,-27.76441192626953,0.03627251088619232,0.0
2026-07-02 03:00:00,18.92955780029297,0.8910725116729736,-22.63990020751953,-0.015161409974098206,0.0
2026-07-02 04:00:00,18.793025970458984,0.9026835560798645,-19.947547912597656,0.04672001302242279,0.0
2026-07-02 05:00:00,18.720293045043945,0.9035674929618835,-9.03140926361084,0.04536959528923035,0.0
2026-07-02 06:00:00,18.837635040283203,0.8895716071128845,-1.3126137256622314,0.032081738114356995,0.0
2026-07-02 07:00:00,20.169530868530273,0.8419325351715088,83.36157989501953,0.024343818426132202,0.0
2026-07-02 08:00:00,22.450214385986328,0.7528362274169922,271.70379638671875,0.046674907207489014,0.0
2026-07-02 09:00:00,24.57790184020996,0.652979850769043,497.1438903808594,-0.051836833357810974,0.0
2026-07-02 10:00:00,26.390396118164062,0.5659579038619995,678.5549926757812,-0.007875755429267883,0.0
2026-07-02 11:00:00,27.700897216796875,0.5065813660621643,767.0787353515625,-0.07431511580944061,0.0
2026-07-02 12:00:00,28.176057815551758,0.47761014103889465,802.2752075195312,0.0010990943992510438,0.0
2026-07-02 13:00:00,28.39323616027832,0.47085580229759216,752.0935668945312,0.08383628726005554,0.0
2026-07-02 14:00:00,28.084556579589844,0.47144144773483276,676.779296875,0.202687069773674,1.0
2026-07-02 15:00:00,27.558515548706055,0.4938517212867737,573.3887939453125,0.1668904721736908,1.0
2026-07-02 16:00:00,26.684587478637695,0.534467339515686,387.6456298828125,0.12099258601665497,1.0
2026-07-02 17:00:00,25.410463333129883,0.5801827907562256,215.18292236328125,-0.12293873727321625,0.0
2026-07-02 18:00:00,24.241819381713867,0.634483814239502,77.1391372680664,-0.10646350681781769,0.0
2026-07-02 19:00:00,23.431333541870117,0.6864986419677734,-1.764868974685669,-0.13840465247631073,0.0
2026-07-02 20:00:00,22.83426856994629,0.7273937463760376,0.8206260204315186,-0.09540493786334991,0.0
2026-07-02 21:00:00,22.206254959106445,0.7559736967086792,14.866616249084473,-0.09700416028499603,0.0
2026-07-02 22:00:00,21.6799259185791,0.7829606533050537,2.071526288986206,-0.1009119302034378,0.0
2026-07-02 23:00:00,20.947391510009766,0.824123203754425,-4.922690391540527,-0.09554724395275116,0.0
2026-07-03 00:00:00,20.315519332885742,0.8659175634384155,0.904259443283081,-0.09432373940944672,0.0
2026-07-03 01:00:00,19.861536026000977,0.8966188430786133,-2.4231789112091064,-0.09334306418895721,0.0
2026-07-03 02:00:00,19.47899055480957,0.9155637621879578,-15.994086265563965,-0.1193990558385849,0.0
2026-07-03 03:00:00,19.150737762451172,0.941404402256012,-17.86083221435547,-0.08751671016216278,0.0
2026-07-03 04:00:00,19.068321228027344,0.9478915333747864,-7.222769737243652,-0.07776711881160736,0.0
2026-07-03 05:00:00,18.93486213684082,0.955562174320221,-1.8775246143341064,-0.045309439301490784,0.0
2026-07-03 06:00:00,19.144805908203125,0.9359097480773926,17.075889587402344,-0.0425102561712265,0.0
2026-07-03 07:00:00,20.459562301635742,0.8932163119316101,97.54701232910156,0.018956348299980164,0.0
2026-07-03 08:00:00,22.83366584777832,0.7979587316513062,264.6565246582031,0.026759073138237,0.0
2026-07-03 09:00:00,24.95413589477539,0.7010445594787598,500.6842346191406,-0.0002773109299596399,0.0
2026-07-03 10:00:00,26.737335205078125,0.6178959608078003,678.52197265625,-0.1211947351694107,0.0
2026-07-03 11:00:00,27.7672061920166,0.555529773235321,779.4714965820312,-0.12846235930919647,0.0
2026-07-03 12:00:00,28.319631576538086,0.5335898995399475,813.4969482421875,-0.11870922148227692,0.0
2026-07-03 13:00:00,28.296762466430664,0.5247265100479126,764.1536865234375,-0.020750954747200012,0.0
2026-07-03 14:00:00,28.03936004638672,0.5197682976722717,666.9423217773438,0.005787670146673918,0.0
2026-07-03 15:00:00,27.553674697875977,0.5247657895088196,537.3515014648438,0.03472405672073364,0.0
2026-07-03 16:00:00,26.770217895507812,0.5484893918037415,381.3042297363281,0.03390190005302429,0.0
2026-07-03 17:00:00,25.64579963684082,0.5940712690353394,203.84878540039062,0.017381608486175537,0.0
2026-07-03 18:00:00,24.386444091796875,0.6552897095680237,63.75220489501953,-0.038086071610450745,0.0
2026-07-03 19:00:00,23.533681869506836,0.7004690170288086,-2.4903786182403564,-0.056260719895362854,0.0
2026-07-03 20:00:00,23.01173210144043,0.7256585359573364,-11.615897178649902,0.003834008937701583,0.0
2026-07-03 21:00:00,22.339685440063477,0.7548561096191406,-1.8717567920684814,0.00012980368046555668,0.0
2026-07-03 22:00:00,21.763334274291992,0.7796702980995178,-13.056937217712402,0.03801301121711731,0.0
2026-07-03 23:00:00,21.148767471313477,0.8177112936973572,-10.272482872009277,-0.032640859484672546,0.0
2026-07-04 00:00:00,20.633514404296875,0.8481237888336182,-16.842201232910156,-0.08814691007137299,0.0
2026-07-04 01:00:00,20.16486167907715,0.8829879760742188,-25.20105743408203,-0.06580285727977753,0.0
2026-07-04 02:00:00,19.795780181884766,0.9073572158813477,-22.16919708251953,-0.09313695132732391,0.0
2026-07-04 03:00:00,19.516677856445312,0.9275115728378296,-23.23078155517578,-0.11632810533046722,0.0
2026-07-04 04:00:00,19.521408081054688,0.9390352368354797,-15.205206871032715,-0.09698502719402313,0.0
2026-07-04 05:00:00,19.28996467590332,0.950857400894165,-16.495460510253906,-0.13826985657215118,0.0
2026-07-04 06:00:00,19.457983016967773,0.9492040276527405,-10.467123985290527,-0.14594434201717377,0.0
2026-07-04 07:00:00,20.720224380493164,0.8970948457717896,78.1615982055664,-0.1306581050157547,0.0
2026-07-04 08:00:00,22.81326675415039,0.8169228434562683,265.4409484863281,-0.041639700531959534,0.0
2026-07-04 09:00:00,24.873817443847656,0.7082383632659912,490.22357177734375,-0.05064795911312103,0.0
2026-07-04 10:00:00,26.551197052001953,0.6253685355186462,660.55029296875,-0.062262699007987976,0.0
2026-07-04 11:00:00,27.85487937927246,0.5618837475776672,784.3316650390625,-0.059156373143196106,0.0
2026-07-04 12:00:00,28.45146942138672,0.5315088629722595,809.3353881835938,0.008363217115402222,0.0
2026-07-04 13:00:00,28.445209503173828,0.5166448950767517,754.689453125,0.05491280555725098,0.0
2026-07-04 14:00:00,28.2342529296875,0.5081679224967957,665.2985229492188,0.19384115934371948,1.0
2026-07-04 15:00:00,27.54931640625,0.5224513411521912,556.4131469726562,0.17312751710414886,1.0
2026-07-04 16:00:00,26.805377960205078,0.5491316318511963,375.2867736816406,0.18785999715328217,1.0
2026-07-04 17:00:00,25.643856048583984,0.6008808016777039,210.0167694091797,0.1029542088508606,1.0
2026-07-04 18:00:00,24.39798355102539,0.6733141541481018,77.61719512939453,0.04251846671104431,0.0
2026-07-04 19:00:00,23.45002555847168,0.7160090804100037,10.025277137756348,-0.06039915978908539,0.0
2026-07-04 20:00:00,22.937482833862305,0.7472323179244995,-2.9462502002716064,0.000937580713070929,0.0
2026-07-04 21:00:00,22.219818115234375,0.7829774618148804,5.406838417053223,0.02574680745601654,0.0
2026-07-04 22:00:00,21.61062240600586,0.8080248832702637,-3.5289833545684814,0.028931602835655212,0.0
2026-07-04 23:00:00,21.07938003540039,0.8466642498970032,-10.03348445892334,-0.004031703341752291,0.0
2026-07-05 00:00:00,20.569307327270508,0.876778781414032,-19.71813201904297,-0.0028113725129514933,0.0
2026-07-05 01:00:00,20.178979873657227,0.9021728038787842,-8.156867027282715,-0.0396561473608017,0.0
2026-07-05 02:00:00,19.803178787231445,0.9222498536109924,-14.535483360290527,-0.05695362389087677,0.0
2026-07-05 03:00:00,19.620750427246094,0.9375162124633789,-11.120902061462402,-0.05665461719036102,0.0
2026-07-05 04:00:00,19.545757293701172,0.9584144949913025,-8.650031089782715,-0.054053857922554016,0.0
2026-07-05 05:00:00,19.455963134765625,0.976162314414978,-18.68836212158203,0.0013938542688265443,0.0
2026-07-05 06:00:00,19.644432067871094,0.9677382111549377,-0.579810380935669,-0.007736817467957735,0.0
2026-07-05 07:00:00,20.893051147460938,0.9193374514579773,93.09952545166016,0.0037947443779557943,0.0
2026-07-05 08:00:00,22.864925384521484,0.8355745673179626,272.1908264160156,0.03205494582653046,0.0
2026-07-05 09:00:00,24.885957717895508,0.7345594167709351,495.0251770019531,0.02638871967792511,0.0
2026-07-05 10:00:00,26.540149688720703,0.6514524817466736,661.9786376953125,-0.07763402163982391,0.0
2026-07-05 11:00:00,27.724048614501953,0.5884923934936523,763.2303466796875,0.016325056552886963,0.0
2026-07-05 12:00:00,28.20937156677246,0.5641810894012451,793.009765625,0.0817837119102478,0.0
2026-07-05 13:00:00,28.27497100830078,0.5515066385269165,751.919921875,0.20890182256698608,1.0
2026-07-05 14:00:00,28.036216735839844,0.5524765253067017,665.7211303710938,0.18851397931575775,1.0
2026-07-05 15:00:00,27.322660446166992,0.5737940669059753,532.5873413085938,0.22728495299816132,1.0
2026-07-05 16:00:00,26.66415023803711,0.6080530285835266,376.8015441894531,0.21426241099834442,1.0
2026-07-05 17:00:00,25.466796875,0.6553109288215637,201.6548309326172,0.12813547253608704,1.0
2026-07-05 18:00:00,24.18429946899414,0.7123109698295593,60.30126190185547,0.024370014667510986,0.0
2026-07-05 19:00:00,23.33784294128418,0.7460097670555115,-1.374976396560669,0.04573062062263489,0.0
2026-07-05 20:00:00,22.685205459594727,0.7799040675163269,-0.09838032722473145,0.04556699097156525,0.0
2026-07-05 21:00:00,22.106760025024414,0.7996281981468201,9.329415321350098,0.05621133744716644,0.0
2026-07-05 22:00:00,21.518159866333008,0.820540726184845,1.8346030712127686,0.08519868552684784,0.0
2026-07-05 23:00:00,21.06974220275879,0.8503661751747131,-26.57158660888672,0.031885579228401184,0.0
2026-07-06 00:00:00,20.604982376098633,0.8763118386268616,-34.827598571777344,-0.0008637014543637633,0.0
2026-07-06 01:00:00,20.22590446472168,0.8990371823310852,-19.189735412597656,-0.08361248672008514,0.0
2026-07-06 02:00:00,19.80845069885254,0.9179198145866394,-14.430228233337402,-0.14967547357082367,0.0
2026-07-06 03:00:00,19.52397918701172,0.937781810760498,-9.18936824798584,-0.1031477302312851,0.0
2026-07-06 04:00:00,19.379053115844727,0.9413909912109375,-6.131217002868652,-0.12647460401058197,0.0
2026-07-06 05:00:00,19.296110153198242,0.9488522410392761,-11.588767051696777,-0.07846473157405853,0.0
2026-07-06 06:00:00,19.605518341064453,0.9536054730415344,-3.1306679248809814,-0.0695066899061203,0.0
2026-07-06 07:00:00,20.790206909179688,0.9119690656661987,84.22241973876953,-0.05358271300792694,0.0
2026-07-06 08:00:00,22.91287612915039,0.8287780284881592,256.0105895996094,-0.054979339241981506,0.0
2026-07-06 09:00:00,24.79985809326172,0.7342232465744019,485.4757385253906,-0.03930501639842987,0.0
2026-07-06 10:00:00,26.43505859375,0.6520767211914062,667.101318359375,-0.013517513871192932,0.0
2026-07-06 11:00:00,27.649091720581055,0.6090342998504639,769.726318359375,-0.010721102356910706,0.0
2026-07-06 12:00:00,28.17854118347168,0.5818966627120972,799.0541381835938,0.09971295297145844,1.0
2026-07-06 13:00:00,28.22890853881836,0.5831067562103271,762.9202880859375,0.23294271528720856,1.0
2026-07-06 14:00:00,27.850656509399414,0.5830379128456116,673.7091064453125,0.35923972725868225,1.0
2026-07-06 15:00:00,27.168827056884766,0.5942585468292236,554.1143798828125,0.36954376101493835,1.0
2026-07-06 16:00:00,26.370628356933594,0.6200329661369324,384.9606628417969,0.2694547176361084,1.0
2026-07-06 17:00:00,25.290760040283203,0.6658046841621399,202.14517211914062,0.2342550903558731,1.0
2026-07-06 18:00:00,24.0078182220459,0.7154857516288757,69.21013641357422,0.08318036794662476,0.0
2026-07-06 19:00:00,23.190282821655273,0.7592934370040894,9.474526405334473,0.07863585650920868,0.0
2026-07-06 20:00:00,22.530879974365234,0.7880710959434509,-7.33573055267334,0.1087915301322937,1.0
2026-07-06 21:00:00,22.015859603881836,0.7971216440200806,-6.453864097595215,0.05947841703891754,0.0
2026-07-06 22:00:00,21.473581314086914,0.8179572224617004,-8.284171104431152,0.04922802746295929,0.0
2026-07-06 23:00:00,20.91273307800293,0.8388967514038086,-19.999046325683594,0.005434602033346891,0.0
2026-07-07 00:00:00,20.460010528564453,0.8679089546203613,-14.917746543884277,0.09059324860572815,0.0
2026-07-07 01:00:00,20.017873764038086,0.8904943466186523,-29.54936981201172,-0.0018493089592084289,0.0
2026-07-07 02:00:00,19.623918533325195,0.9103800058364868,-20.34917449951172,0.03903484344482422,0.0
2026-07-07 03:00:00,19.434537887573242,0.9249481558799744,-15.061774253845215,0.03819863498210907,0.0
2026-07-07 04:00:00,19.320926666259766,0.9455899000167847,-19.88636016845703,0.01015692949295044,0.0
2026-07-07 05:00:00,19.198671340942383,0.9575352668762207,-14.31290340423584,0.00927695631980896,0.0
2026-07-07 06:00:00,19.41726303100586,0.9414539933204651,-0.5947487354278564,0.07453471422195435,0.0
2026-07-07 07:00:00,20.57016944885254,0.9037615656852722,90.10808563232422,0.05556066334247589,0.0
2026-07-07 08:00:00,22.756059646606445,0.8204490542411804,272.01513671875,0.05941559374332428,0.0
2026-07-07 09:00:00,24.784746170043945,0.7291011810302734,501.476806640625,0.039550960063934326,0.0
2026-07-07 10:00:00,26.488767623901367,0.6483331322669983,672.301025390625,0.04515118896961212,0.0
2026-07-07 11:00:00,27.66297721862793,0.5950947999954224,775.2232055664062,0.01333780586719513,0.0
2026-07-07 12:00:00,28.047256469726562,0.5824435353279114,801.389892578125,0.06369854509830475,1.0
2026-07-07 13:00:00,28.046234130859375,0.5793106555938721,771.8933715820312,0.2262481153011322,1.0
2026-07-07 14:00:00,27.726951599121094,0.574382483959198,689.3827514648438,0.29906970262527466,1.0
2026-07-07 15:00:00,27.19597053527832,0.5879157185554504,574.0337524414062,0.415090948343277,1.0
2026-07-07 16:00:00,26.348630905151367,0.6184579133987427,397.2455139160156,0.31025615334510803,1.0
2026-07-07 17:00:00,25.159873962402344,0.6645293235778809,229.04364013671875,0.23416770994663239,1.0
2026-07-07 18:00:00,23.978092193603516,0.7214857339859009,77.63822174072266,0.17071402072906494,1.0
2026-07-07 19:00:00,23.087369918823242,0.7667320370674133,7.679680824279785,0.13708755373954773,1.0
2026-07-07 20:00:00,22.500207901000977,0.7963524460792542,4.143258094787598,0.1038610190153122,1.0
2026-07-07 21:00:00,21.836631774902344,0.8101850748062134,4.304757118225098,0.08560009300708771,0.0
2026-07-07 22:00:00,21.317886352539062,0.8337875604629517,-8.72928524017334,0.08157366514205933,0.0
2026-07-07 23:00:00,20.895721435546875,0.8571006059646606,-8.380209922790527,0.08347319066524506,0.0
2026-07-08 00:00:00,20.55897331237793,0.8812013268470764,-17.640525817871094,0.011641860008239746,0.0
2026-07-08 01:00:00,20.258329391479492,0.9016187787055969,-9.021872520446777,0.03637781739234924,0.0
2026-07-08 02:00:00,19.823518753051758,0.928460955619812,-9.756857872009277,0.03359845280647278,0.0
2026-07-08 03:00:00,19.559709548950195,0.9426457285881042,-0.5432960987091064,-0.017514660954475403,0.0
2026-07-08 04:00:00,19.414777755737305,0.9594616293907166,1.8747947216033936,-0.05049045383930206,0.0
2026-07-08 05:00:00,19.312795639038086,0.9647904634475708,-0.655951738357544,-0.06796906888484955,0.0
2026-07-08 06:00:00,19.35590171813965,0.9640028476715088,0.17713236808776855,-0.06415234506130219,0.0
2026-07-08 07:00:00,20.55217742919922,0.9215326309204102,76.25048065185547,0.0003207173722330481,0.0
2026-07-08 08:00:00,22.666994094848633,0.8375999331474304,265.0966491699219,0.05506490170955658,0.0
2026-07-08 09:00:00,24.729576110839844,0.7401791214942932,493.2469482421875,0.08811591565608978,0.0
2026-07-08 10:00:00,26.391786575317383,0.6533957719802856,674.3145751953125,-0.018601641058921814,0.0
2026-07-08 11:00:00,27.422340393066406,0.5945335030555725,762.6397705078125,-0.02887769043445587,0.0
2026-07-08 12:00:00,27.846694946289062,0.575424313545227,802.3603515625,0.11974338442087173,1.0
2026-07-08 13:00:00,27.78106117248535,0.5730001330375671,766.65869140625,0.2046913355588913,2.0
2026-07-08 14:00:00,27.566287994384766,0.576742947101593,684.0326538085938,0.3658270239830017,2.0
2026-07-08 15:00:00,26.89044952392578,0.5965678095817566,542.9375610351562,0.3746523857116699,2.0
2026-07-08 16:00:00,26.162960052490234,0.6311203241348267,377.0421447753906,0.31401267647743225,2.0
2026-07-08 17:00:00,24.87281608581543,0.6782501339912415,214.96995544433594,0.2577260434627533,1.0
2026-07-08 18:00:00,23.70610809326172,0.7270660400390625,70.49982452392578,0.12414664775133133,1.0
2026-07-08 19:00:00,22.791223526000977,0.7610596418380737,-1.887641191482544,0.09049218893051147,0.0
2026-07-08 20:00:00,22.229028701782227,0.7813495397567749,-7.776495933532715,0.06283362209796906,0.0
2026-07-08 21:00:00,21.72675132751465,0.8034898042678833,-14.967658042907715,0.14622029662132263,1.0
2026-07-08 22:00:00,21.284515380859375,0.8269197940826416,-18.44634246826172,0.10095426440238953,1.0
2026-07-08 23:00:00,20.752090454101562,0.8530863523483276,-19.82019805908203,0.08122152090072632,0.0
2026-07-09 00:00:00,20.330081939697266,0.8796544075012207,-16.867088317871094,0.056431740522384644,0.0
2026-07-09 01:00:00,19.902246475219727,0.9017261266708374,-11.069418907165527,0.055515438318252563,0.0
2026-07-09 02:00:00,19.568510055541992,0.9224961400032043,-8.37955379486084,0.09268774092197418,0.0
2026-07-09 03:00:00,19.33972930908203,0.9318408370018005,-9.917243003845215,0.044649943709373474,0.0
2026-07-09 04:00:00,19.268442153930664,0.9410873651504517,-5.526679039001465,0.13573899865150452,1.0
2026-07-09 05:00:00,19.1370792388916,0.9462299346923828,-11.06394100189209,0.06260387599468231,0.0
2026-07-09 06:00:00,19.38292694091797,0.9416590929031372,-1.3811256885528564,0.07444289326667786,0.0
2026-07-09 07:00:00,20.53902816772461,0.9026568531990051,88.2486343383789,0.014981955289840698,0.0
2026-07-09 08:00:00,22.64681625366211,0.8120244145393372,263.1708679199219,0.0530814528465271,0.0
2026-07-09 09:00:00,24.6243896484375,0.720211923122406,501.9387512207031,0.0461115688085556,0.0
2026-07-09 10:00:00,26.19011688232422,0.6369413733482361,679.0162963867188,0.034262508153915405,0.0
2026-07-09 11:00:00,27.31191062927246,0.5838163495063782,778.8284301757812,-0.03051374852657318,1.0
2026-07-09 12:00:00,27.66086769104004,0.5595279932022095,809.0887451171875,0.04220080375671387,2.0
2026-07-09 13:00:00,27.70140266418457,0.5395874381065369,757.9943237304688,0.17356166243553162,2.0
2026-07-09 14:00:00,27.386247634887695,0.5432084202766418,683.3652954101562,0.35275834798812866,2.0
2026-07-09 15:00:00,26.633895874023438,0.5611572265625,544.6492309570312,0.3545207381248474,2.0
2026-07-09 16:00:00,25.79787826538086,0.5782484412193298,374.750732421875,0.31520792841911316,2.0
2026-07-09 17:00:00,24.700931549072266,0.6371538043022156,205.9674072265625,0.22382275760173798,1.0
2026-07-09 18:00:00,23.43104362487793,0.691161572933197,70.0832290649414,0.009051412343978882,0.0
2026-07-09 19:00:00,22.652095794677734,0.7359942197799683,-0.15224385261535645,0.008460983633995056,0.0
2026-07-09 20:00:00,22.117130279541016,0.7703078389167786,-1.748969316482544,0.00034162370138801634,0.0
2026-07-09 21:00:00,21.546710968017578,0.7899492979049683,-0.03852009400725365,-0.035068705677986145,0.0
2026-07-09 22:00:00,21.00129508972168,0.8163260817527771,-12.998404502868652,0.001294120796956122,0.0
2026-07-09 23:00:00,20.499958038330078,0.8472462296485901,-12.435919761657715,-0.021289363503456116,0.0
2026-07-10 00:00:00,20.063541412353516,0.872704803943634,-12.17063045501709,-0.0009423646843060851,0.0
2026-07-10 01:00:00,19.72626304626465,0.8959159255027771,-29.720680236816406,0.04554480314254761,0.0
2026-07-10 02:00:00,19.498550415039062,0.9117162227630615,-16.31511688232422,0.034437358379364014,0.0
2026-07-10 03:00:00,19.29535675048828,0.930968701839447,-11.825705528259277,0.009245067834854126,0.0
2026-07-10 04:00:00,19.185861587524414,0.9389109015464783,-12.261099815368652,-0.021742388606071472,0.0
2026-07-10 05:00:00,19.133630752563477,0.9553350210189819,-16.610374450683594,-0.04139803349971771,0.0
2026-07-10 06:00:00,19.377389907836914,0.9430255889892578,-4.334586143493652,-0.08081172406673431,0.0
2026-07-10 07:00:00,20.577512741088867,0.8881344199180603,72.37503814697266,-0.060176536440849304,0.0
2026-07-10 08:00:00,22.617252349853516,0.806315541267395,268.34259033203125,-0.002124667400494218,0.0
2026-07-10 09:00:00,24.431785583496094,0.7085943222045898,479.55816650390625,0.006183698307722807,0.0
2026-07-10 10:00:00,25.95855712890625,0.6308618187904358,660.186279296875,-0.11064065992832184,0.0
2026-07-10 11:00:00,26.98573875427246,0.5867366194725037,774.360595703125,-0.16124455630779266,0.0
2026-07-10 12:00:00,27.4630069732666,0.5588732957839966,807.7030029296875,0.005734145175665617,0.0
2026-07-10 13:00:00,27.54300880432129,0.5509805083274841,782.3740844726562,0.16307342052459717,1.0
2026-07-10 14:00:00,27.099815368652344,0.5572470426559448,695.291015625,0.28570055961608887,1.0
2026-07-10 15:00:00,26.52543067932129,0.5766907334327698,575.3843383789062,0.2987459599971771,1.0
2026-07-10 16:00:00,25.722673416137695,0.6103964447975159,412.3266296386719,0.3100503385066986,1.0
2026-07-10 17:00:00,24.581180572509766,0.6503748297691345,225.3452606201172,0.23622770607471466,1.0
2026-07-10 18:00:00,23.414791107177734,0.6945043206214905,80.78966522216797,0.07703644037246704,0.0
2026-07-10 19:00:00,22.565210342407227,0.7527148723602295,10.070260047912598,0.00646154535934329,0.0
2026-07-10 20:00:00,22.125823974609375,0.7812892198562622,5.93666934967041,0.05844661593437195,0.0
2026-07-10 21:00:00,21.67435073852539,0.801927387714386,4.24227237701416,0.119472935795784,1.0
2026-07-10 22:00:00,21.1801815032959,0.8166141510009766,6.510109901428223,0.15827934443950653,1.0
2026-07-10 23:00:00,20.743793487548828,0.8463390469551086,-2.501685380935669,0.042069628834724426,0.0
2026-07-11 00:00:00,20.315608978271484,0.8771306276321411,3.307518720626831,-0.03381119668483734,0.0
2026-07-11 01:00:00,19.96390151977539,0.8913770318031311,-5.144904136657715,-0.05985619127750397,0.0
2026-07-11 02:00:00,19.691884994506836,0.9049861431121826,-12.56626033782959,-0.0861826092004776,0.0
2026-07-11 03:00:00,19.35089874267578,0.9127218127250671,-11.354910850524902,-0.05556575953960419,0.0
2026-07-11 04:00:00,19.220373153686523,0.9183230400085449,-10.572745323181152,-0.05314432084560394,0.0
2026-07-11 05:00:00,19.01736831665039,0.9215896129608154,-14.001914024353027,-0.051851317286491394,0.0
2026-07-11 06:00:00,19.140321731567383,0.9068815112113953,-7.343405723571777,-0.058991119265556335,0.0
2026-07-11 07:00:00,20.452260971069336,0.862343966960907,76.08513641357422,-0.02590470016002655,0.0
2026-07-11 08:00:00,22.577484130859375,0.7811545133590698,275.0727233886719,0.03475797176361084,0.0
2026-07-11 09:00:00,24.62505340576172,0.6924132108688354,486.95635986328125,-0.0038256796542555094,0.0
2026-07-11 10:00:00,26.23870086669922,0.6196927428245544,665.1909790039062,-0.050244227051734924,0.0
2026-07-11 11:00:00,27.26680564880371,0.5688998699188232,787.5170288085938,-0.07985241711139679,0.0
2026-07-11 12:00:00,27.733556747436523,0.5530574321746826,812.3670043945312,-0.06223760545253754,0.0
2026-07-11 13:00:00,27.601909637451172,0.5393950343132019,775.6088256835938,0.16057470440864563,2.0
2026-07-11 14:00:00,27.209680557250977,0.5533701777458191,694.0413818359375,0.3016830086708069,2.0
2026-07-11 15:00:00,26.63814353942871,0.5726045370101929,548.2864379882812,0.22305461764335632,2.0
2026-07-11 16:00:00,25.782302856445312,0.598261833190918,379.56097412109375,0.17245733737945557,2.0
2026-07-11 17:00:00,24.58731460571289,0.6544788479804993,210.74061584472656,0.10067366063594818,2.0
2026-07-11 18:00:00,23.39577293395996,0.7148414254188538,65.09149932861328,-0.0017405602848157287,2.0
2026-07-11 19:00:00,22.580041885375977,0.7702704668045044,-8.02951717376709,-0.011923357844352722,0.0
2026-07-11 20:00:00,22.24683952331543,0.8004022240638733,-9.97562313079834,-0.008737608790397644,0.0
2026-07-11 21:00:00,21.697179794311523,0.8239094018936157,5.078621864318848,0.08190988004207611,0.0
2026-07-11 22:00:00,21.225675582885742,0.8445125222206116,3.9780051708221436,0.08985833823680878,0.0
2026-07-11 23:00:00,20.708267211914062,0.8677937984466553,-8.370657920837402,0.05279208719730377,0.0
2026-07-12 00:00:00,20.308286666870117,0.8943566083908081,-5.170599937438965,0.0028558073099702597,0.0
2026-07-12 01:00:00,20.03660011291504,0.916059672832489,-10.47641658782959,-0.0013432357227429748,0.0
2026-07-12 02:00:00,19.70570945739746,0.936302661895752,-7.721320152282715,-0.04487217962741852,0.0
2026-07-12 03:00:00,19.506221771240234,0.9495978355407715,-5.92179012298584,-0.004018828738480806,0.0
2026-07-12 04:00:00,19.278684616088867,0.9565273523330688,5.489861488342285,0.011943593621253967,0.0
2026-07-12 05:00:00,19.134048461914062,0.9465619325637817,-0.11412739753723145,0.028853848576545715,0.0
2026-07-12 06:00:00,19.38419532775879,0.9381289482116699,5.59780216217041,0.07396434247493744,0.0
2026-07-12 07:00:00,20.57335662841797,0.8894808888435364,91.81698608398438,0.07089315354824066,0.0
2026-07-12 08:00:00,22.646987915039062,0.808325469493866,262.2608642578125,0.11798153817653656,1.0
2026-07-12 09:00:00,24.505983352661133,0.7165933847427368,479.5166015625,0.010379329323768616,0.0
2026-07-12 10:00:00,26.084407806396484,0.6314175128936768,657.7343139648438,-0.03864447772502899,0.0
2026-07-12 11:00:00,27.223995208740234,0.574364423751831,780.6734619140625,-0.03591819107532501,0.0
2026-07-12 12:00:00,27.521541595458984,0.5496471524238586,812.6644897460938,0.05758713185787201,0.0
2026-07-12 13:00:00,27.3496150970459,0.5346870422363281,764.072998046875,0.182780459523201,1.0
2026-07-12 14:00:00,27.002626419067383,0.5348292589187622,662.5808715820312,0.21911562979221344,1.0
2026-07-12 15:00:00,26.390771865844727,0.555304765701294,533.6210327148438,0.25363466143608093,2.0
2026-07-12 16:00:00,25.714242935180664,0.5893382430076599,365.1941833496094,0.1382512003183365,2.0
2026-07-12 17:00:00,24.59748649597168,0.6346898674964905,192.13311767578125,0.10514116287231445,1.0
2026-07-12 18:00:00,23.434492111206055,0.7074384093284607,55.638328552246094,0.01512119174003601,0.0
2026-07-12 19:00:00,22.718368530273438,0.755547821521759,-7.785162925720215,-0.09705092012882233,0.0
2026-07-12 20:00:00,22.280275344848633,0.7748607397079468,-4.175421714782715,-0.09673132002353668,0.0
2026-07-12 21:00:00,21.844161987304688,0.8002864122390747,0.35370707511901855,-0.1379491239786148,0.0
2026-07-12 22:00:00,21.429744720458984,0.8348846435546875,-8.461722373962402,-0.1014910489320755,0.0
2026-07-12 23:00:00,21.040695190429688,0.8736506700515747,-14.43552303314209,-0.13333596289157867,0.0
2026-07-13 00:00:00,20.683162689208984,0.9152839183807373,2.621056318283081,-0.13193728029727936,0.0
2026-07-13 01:00:00,20.248912811279297,0.9300585985183716,5.714226722717285,-0.07954193651676178,0.0
2026-07-13 02:00:00,19.776573181152344,0.9419476389884949,-1.3254921436309814,-0.16462479531764984,0.0
2026-07-13 03:00:00,19.501819610595703,0.9609601497650146,-0.9198219776153564,-0.13418526947498322,0.0
2026-07-13 04:00:00,19.38023567199707,0.9711674451828003,4.741875648498535,-0.0726207047700882,0.0
2026-07-13 05:00:00,19.25794219970703,0.9792364835739136,-0.15669941902160645,-0.05767260491847992,0.0
2026-07-13 06:00:00,19.523757934570312,0.970613420009613,0.729485273361206,-0.029582247138023376,0.0
2026-07-13 07:00:00,20.78667449951172,0.9220434427261353,73.10930633544922,0.04605461657047272,0.0
2026-07-13 08:00:00,22.84967041015625,0.8387549519538879,264.61279296875,0.11613327264785767,1.0
2026-07-13 09:00:00,24.7390193939209,0.7412272691726685,488.1019287109375,0.10372881591320038,1.0
2026-07-13 10:00:00,26.297109603881836,0.6497732996940613,673.5523681640625,-0.004575536120682955,0.0
2026-07-13 11:00:00,27.285669326782227,0.5990725159645081,779.0685424804688,0.050423771142959595,0.0
2026-07-13 12:00:00,27.589223861694336,0.5657328367233276,801.1870727539062,0.14845401048660278,2.0
2026-07-13 13:00:00,27.499845504760742,0.5414803624153137,743.9884033203125,0.2189977765083313,2.0
2026-07-13 14:00:00,27.098682403564453,0.5376868844032288,644.2026977539062,0.35285279154777527,2.0
2026-07-13 15:00:00,26.483375549316406,0.5523687601089478,517.2068481445312,0.3024051785469055,2.0
2026-07-13 16:00:00,25.606895446777344,0.5735985040664673,362.7060852050781,0.34682008624076843,1.0
2026-07-13 17:00:00,24.498275756835938,0.6269286870956421,206.39688110351562,0.25139716267585754,1.0
2026-07-13 18:00:00,23.32007598876953,0.6825026273727417,65.78424835205078,0.10398437082767487,1.0
2026-07-13 19:00:00,22.524169921875,0.7278329133987427,3.8352134227752686,0.11519980430603027,1.0
2026-07-13 20:00:00,22.149433135986328,0.7595454454421997,-2.765174150466919,0.03985048830509186,0.0
2026-07-13 21:00:00,21.648906707763672,0.7884029150009155,1.767418622970581,0.0875142514705658,0.0
2026-07-13 22:00:00,21.193159103393555,0.8122128844261169,-5.61905574798584,0.04199473559856415,0.0
2026-07-13 23:00:00,20.80856704711914,0.8511351943016052,-7.018729209899902,-0.011915162205696106,0.0
2026-07-14 00:00:00,20.400226593017578,0.8837491869926453,-15.783469200134277,0.0034341660793870687,0.0
2026-07-14 01:00:00,19.94156265258789,0.9095789790153503,-4.50479793548584,-0.033694520592689514,0.0
2026-07-14 02:00:00,19.614612579345703,0.9277467727661133,-2.433722734451294,0.02751988172531128,0.0
2026-07-14 03:00:00,19.332561492919922,0.9440257549285889,-1.714850664138794,0.0826253741979599,0.0
2026-07-14 04:00:00,19.307369232177734,0.9565742611885071,2.328606367111206,0.10190004110336304,1.0
2026-07-14 05:00:00,19.202415466308594,0.9583002924919128,-6.378928184509277,0.1302817463874817,1.0
2026-07-14 06:00:00,19.351545333862305,0.9392646551132202,0.562828779220581,0.2448110431432724,1.0
2026-07-14 07:00:00,20.635910034179688,0.8907914757728577,72.87139129638672,0.29008054733276367,1.0
2026-07-14 08:00:00,22.691476821899414,0.8014808297157288,257.5870056152344,0.29565656185150146,1.0
2026-07-14 09:00:00,24.569820404052734,0.7029115557670593,467.4139709472656,0.22715653479099274,1.0
2026-07-14 10:00:00,26.110401153564453,0.6255297064781189,628.0440063476562,0.19036631286144257,1.0
2026-07-14 11:00:00,27.05121612548828,0.5624338984489441,734.7031860351562,0.26541054248809814,1.0
2026-07-14 12:00:00,27.45534896850586,0.5276650786399841,760.5714721679688,0.4510909616947174,1.0
2026-07-14 13:00:00,27.446880340576172,0.5070663690567017,723.8414916992188,0.6228628754615784,2.0
2026-07-14 14:00:00,27.286026000976562,0.509466290473938,642.8299560546875,0.5574067831039429,2.0
2026-07-14 15:00:00,26.864219665527344,0.5239043831825256,532.8346557617188,0.5752140879631042,2.0
2026-07-14 16:00:00,26.029314041137695,0.5428983569145203,379.1153259277344,0.40140199661254883,1.0
2026-07-14 17:00:00,24.85698127746582,0.5821502208709717,208.48316955566406,0.1674666553735733,1.0
2026-07-14 18:00:00,23.65361976623535,0.629614531993866,68.61803436279297,0.0742139220237732,0.0
2026-07-14 19:00:00,22.80797576904297,0.6794483065605164,3.353478193283081,0.039040401577949524,0.0
2026-07-14 20:00:00,22.318864822387695,0.7267268896102905,-3.5857765674591064,0.027623280882835388,0.0
2026-07-14 21:00:00,21.922203063964844,0.7433566451072693,0.16083598136901855,0.09647881984710693,0.0
2026-07-14 22:00:00,21.48894691467285,0.7687714695930481,-13.339713096618652,0.10065652430057526,1.0
2026-07-14 23:00:00,20.958322525024414,0.8118391036987305,-22.08373260498047,0.11457785964012146,1.0
2026-07-15 00:00:00,20.458702087402344,0.8443918824195862,-8.209647178649902,0.0648612529039383,0.0
2026-07-15 01:00:00,20.11125946044922,0.8741618990898132,-6.74210262298584,0.0017166134202852845,0.0
2026-07-15 02:00:00,19.70795249938965,0.8933366537094116,-11.177618980407715,-0.041137292981147766,0.0
2026-07-15 03:00:00,19.43787384033203,0.899249255657196,-3.757575273513794,-0.0711514800786972,0.0
2026-07-15 04:00:00,19.27213478088379,0.9125011563301086,3.842217206954956,-0.05650307238101959,0.0
2026-07-15 05:00:00,19.004966735839844,0.919880211353302,-2.8569252490997314,-0.03617565333843231,0.0
2026-07-15 06:00:00,19.202198028564453,0.9002151489257812,6.682778358459473,-0.005360499490052462,0.0
2026-07-15 07:00:00,20.541709899902344,0.8635319471359253,77.99239349365234,0.0044349427334964275,0.0
2026-07-15 08:00:00,22.6473445892334,0.7713242173194885,255.88937377929688,0.056280046701431274,0.0
2026-07-15 09:00:00,24.77115821838379,0.6701517105102539,473.66571044921875,0.08782006800174713,0.0
2026-07-15 10:00:00,26.312753677368164,0.5827547311782837,647.0222778320312,0.1569374054670334,1.0
2026-07-15 11:00:00,27.34624671936035,0.5267510414123535,749.8533935546875,0.36084607243537903,1.0
2026-07-15 12:00:00,27.800979614257812,0.49453750252723694,784.0647583007812,0.5695168375968933,2.0
2026-07-15 13:00:00,27.78410530090332,0.48541659116744995,743.9271850585938,0.8382890224456787,2.0
2026-07-15 14:00:00,27.395044326782227,0.47633153200149536,655.8955688476562,1.0160518884658813,2.0
2026-07-15 15:00:00,26.696887969970703,0.48542267084121704,520.6993408203125,1.2797991037368774,2.0
2026-07-15 16:00:00,26.03543472290039,0.5221414566040039,367.4076232910156,1.1656179428100586,2.0
2026-07-15 17:00:00,24.728788375854492,0.5792883634567261,200.16043090820312,0.9269746541976929,2.0
2026-07-15 18:00:00,23.459096908569336,0.6451190114021301,70.80091094970703,0.804155707359314,2.0
2026-07-15 19:00:00,22.691858291625977,0.695977509021759,11.21340274810791,0.6252335906028748,2.0
2026-07-15 20:00:00,22.20340347290039,0.7264468669891357,7.816536903381348,0.41293737292289734,1.0
2026-07-15 21:00:00,21.655019760131836,0.742459774017334,10.078545570373535,0.345316082239151,1.0
2026-07-15 22:00:00,21.000324249267578,0.7561799883842468,4.462288856506348,0.16146568953990936,1.0
2026-07-15 23:00:00,20.59747314453125,0.7807772159576416,5.07766056060791,0.10633742809295654,1.0
2026-07-16 00:00:00,20.2678279876709,0.8244179487228394,8.357476234436035,0.06887532770633698,0.0
2026-07-16 01:00:00,19.945756912231445,0.8429697751998901,27.11316680908203,0.013001039624214172,0.0
2026-07-16 02:00:00,19.519737243652344,0.8637879490852356,12.389580726623535,0.024697095155715942,0.0
2026-07-16 03:00:00,19.25511932373047,0.8824097514152527,-0.921698808670044,0.04991517961025238,0.0
2026-07-16 04:00:00,19.16687774658203,0.8980790376663208,10.018410682678223,0.025369852781295776,0.0
2026-07-16 05:00:00,19.031286239624023,0.9120711088180542,9.651955604553223,0.05104762315750122,0.0
2026-07-16 06:00:00,19.24949836730957,0.8994399905204773,12.081002235412598,0.10909689962863922,1.0
2026-07-16 07:00:00,20.544193267822266,0.8482511043548584,84.98063659667969,0.11180716753005981,1.0
2026-07-16 08:00:00,22.676979064941406,0.7546470165252686,271.19012451171875,0.15649743378162384,1.0
2026-07-16 09:00:00,24.59257698059082,0.6629374027252197,486.563720703125,0.17409014701843262,1.0
2026-07-16 10:00:00,26.10901641845703,0.5836365222930908,663.6914672851562,0.055207759141922,0.0
2026-07-16 11:00:00,27.171499252319336,0.5175217390060425,764.1827392578125,0.08818084001541138,0.0
2026-07-16 12:00:00,27.574323654174805,0.492343544960022,798.6367797851562,0.2361122965812683,1.0
2026-07-16 13:00:00,27.618274688720703,0.475042462348938,755.3494873046875,0.376276433467865,2.0
2026-07-16 14:00:00,27.207204818725586,0.4747990667819977,680.2715454101562,0.5063915252685547,2.0
2026-07-16 15:00:00,26.50745391845703,0.4892747402191162,543.611083984375,0.6065402030944824,2.0
2026-07-16 16:00:00,25.789005279541016,0.5282310843467712,367.1768798828125,0.5566726922988892,2.0
2026-07-16 17:00:00,24.70541000366211,0.5837476253509521,199.87217712402344,0.4852527976036072,1.0
2026-07-16 18:00:00,23.565961837768555,0.6386573314666748,60.739662170410156,0.3152506947517395,1.0
2026-07-16 19:00:00,22.717939376831055,0.689735472202301,0.04805827513337135,0.27147960662841797,1.0
2026-07-16 20:00:00,22.189512252807617,0.7192957401275635,1.278069257736206,0.17460009455680847,1.0
2026-07-16 21:00:00,21.612499237060547,0.7431515455245972,-1.795081377029419,0.14527176320552826,1.0
2026-07-16 22:00:00,21.14323616027832,0.7734417915344238,-0.7055885791778564,0.1841273158788681,1.0
2026-07-16 23:00:00,20.693586349487305,0.8076673746109009,-1.6135170459747314,0.11064369976520538,1.0
2026-07-17 00:00:00,20.313629150390625,0.8408075571060181,-3.891669511795044,0.16604484617710114,1.0
2026-07-17 01:00:00,19.892236709594727,0.8618253469467163,7.71767520904541,0.1489989012479782,1.0
2026-07-17 02:00:00,19.421253204345703,0.8759319186210632,-3.559851884841919,0.13004335761070251,1.0
2026-07-17 03:00:00,19.188505172729492,0.9069360494613647,6.149025917053223,0.07469180226325989,0.0
2026-07-17 04:00:00,19.126211166381836,0.9268900156021118,-0.841559648513794,0.08271722495555878,0.0
2026-07-17 05:00:00,19.03342628479004,0.9306999444961548,-2.3231422901153564,0.07735657691955566,0.0
2026-07-17 06:00:00,19.284912109375,0.9106884598731995,-5.949912071228027,0.05539064109325409,0.0
2026-07-17 07:00:00,20.600200653076172,0.8616160154342651,80.7118148803711,0.05275912582874298,0.0
2026-07-17 08:00:00,22.628108978271484,0.7793303728103638,253.39295959472656,0.07753144204616547,0.0
2026-07-17 09:00:00,24.643085479736328,0.6853697299957275,460.2884521484375,0.04473079741001129,0.0
2026-07-17 10:00:00,26.25613021850586,0.6045497059822083,638.2464599609375,0.08029384911060333,0.0
2026-07-17 11:00:00,27.354782104492188,0.5479868650436401,751.3320922851562,0.13427923619747162,1.0
2026-07-17 12:00:00,27.75282096862793,0.5152498483657837,777.5343627929688,0.24249382317066193,1.0
2026-07-17 13:00:00,27.647499084472656,0.48828762769699097,730.207275390625,0.3875699043273926,2.0
2026-07-17 14:00:00,27.30668830871582,0.49437445402145386,653.3707275390625,0.5800858736038208,2.0
2026-07-17 15:00:00,26.6833438873291,0.5144277215003967,526.162109375,0.5731724500656128,2.0
2026-07-17 16:00:00,25.952186584472656,0.5439899563789368,369.9347839355469,0.574063241481781,2.0
2026-07-17 17:00:00,24.807878494262695,0.5949962139129639,204.07257080078125,0.4931838810443878,1.0
2026-07-17 18:00:00,23.482982635498047,0.6509228944778442,68.49811553955078,0.3231680691242218,1.0
2026-07-17 19:00:00,22.67017364501953,0.7068644762039185,1.650383710861206,0.1867203712463379,1.0
2026-07-17 20:00:00,22.225841522216797,0.7323843240737915,3.4307334423065186,0.07680048048496246,0.0
2026-07-17 21:00:00,21.795682907104492,0.7578054070472717,4.518914222717285,0.018772870302200317,0.0
2026-07-17 22:00:00,21.23175621032715,0.7913702726364136,-7.095389366149902,-0.00974448025226593,0.0
2026-07-17 23:00:00,20.74435043334961,0.8177677989006042,-19.22228240966797,0.05617991089820862,0.0
2026-07-18 00:00:00,20.256288528442383,0.8507237434387207,-12.391425132751465,0.045205891132354736,0.0
2026-07-18 01:00:00,19.89511489868164,0.8725621104240417,-9.07169246673584,0.02159556746482849,0.0
2026-07-18 02:00:00,19.521533966064453,0.883182942867279,-8.339484214782715,-0.0046768938191235065,0.0
2026-07-18 03:00:00,19.33588218688965,0.9038800001144409,-4.14285945892334,-0.0275183767080307,0.0
2026-07-18 04:00:00,19.2327938079834,0.9160292148590088,-0.770453691482544,-0.04046659171581268,0.0
2026-07-18 05:00:00,19.181438446044922,0.9163157939910889,3.8696067333221436,-0.008031651377677917,0.0
2026-07-18 06:00:00,19.328731536865234,0.9050315022468567,6.978508949279785,-0.01248498260974884,0.0
2026-07-18 07:00:00,20.609115600585938,0.8583797812461853,86.98484802246094,0.022536590695381165,0.0
2026-07-18 08:00:00,22.775774002075195,0.7753263115882874,268.3830871582031,0.09806999564170837,0.0
2026-07-18 09:00:00,24.77823829650879,0.695496141910553,485.95709228515625,0.05713587999343872,0.0
2026-07-18 10:00:00,26.37422752380371,0.6130329370498657,654.1187133789062,-0.020958825945854187,0.0
2026-07-18 11:00:00,27.461854934692383,0.5567901134490967,736.773193359375,0.0636170357465744,0.0
2026-07-18 12:00:00,27.814062118530273,0.5253555178642273,756.4447631835938,0.18113835155963898,2.0
2026-07-18 13:00:00,27.872936248779297,0.5096069574356079,707.97802734375,0.47923800349235535,2.0
2026-07-18 14:00:00,27.66948890686035,0.5125179290771484,631.0819702148438,0.5955354571342468,2.0
2026-07-18 15:00:00,26.911903381347656,0.5374200344085693,509.6742248535156,0.6251829266548157,2.0
2026-07-18 16:00:00,26.21377944946289,0.578039824962616,366.33746337890625,0.6748217940330505,2.0
2026-07-18 17:00:00,24.97888946533203,0.6317314505577087,198.20692443847656,0.493252694606781,1.0
2026-07-18 18:00:00,23.812702178955078,0.6836541891098022,64.62120819091797,0.3157259225845337,1.0
2026-07-18 19:00:00,22.912967681884766,0.7260962128639221,6.668709754943848,0.19803698360919952,1.0
2026-07-18 20:00:00,22.351728439331055,0.744996190071106,13.920357704162598,0.11663907766342163,1.0
2026-07-18 21:00:00,21.74350929260254,0.7728466987609863,3.8473899364471436,0.10262630879878998,1.0
2026-07-18 22:00:00,21.137874603271484,0.7941175699234009,0.08185648918151855,0.18798740208148956,1.0
2026-07-18 23:00:00,20.619855880737305,0.8164554238319397,-0.766669511795044,0.1734371781349182,1.0
2026-07-19 00:00:00,20.152400970458984,0.848048210144043,6.360543251037598,0.14873330295085907,1.0
2026-07-19 01:00:00,19.72922134399414,0.879548966884613,9.365853309631348,0.19269824028015137,1.0
2026-07-19 02:00:00,19.36978530883789,0.9012681841850281,-4.577765464782715,0.09432536363601685,0.0
2026-07-19 03:00:00,19.052900314331055,0.9149568676948547,-4.922202110290527,0.033764198422431946,0.0
2026-07-19 04:00:00,19.013877868652344,0.9300990104675293,-4.002676963806152,-0.00293083512224257,0.0
2026-07-19 05:00:00,18.90523910522461,0.9383379220962524,-5.154608726501465,-0.0512281209230423,0.0
2026-07-19 06:00:00,19.178651809692383,0.9065248370170593,-5.28262996673584,-0.06266172230243683,0.0
2026-07-19 07:00:00,20.4355525970459,0.8613175749778748,80.68543243408203,-0.07382400333881378,0.0
2026-07-19 08:00:00,22.545896530151367,0.7757348418235779,272.18194580078125,-0.08294190466403961,0.0
2026-07-19 09:00:00,24.626312255859375,0.6766489148139954,485.11993408203125,-0.04308260977268219,0.0
2026-07-19 10:00:00,26.237398147583008,0.5925824642181396,650.77001953125,-0.004461259115487337,0.0
2026-07-19 11:00:00,27.387849807739258,0.5343539714813232,751.3665771484375,-0.038794949650764465,0.0
2026-07-19 12:00:00,27.809640884399414,0.5056473612785339,765.4199829101562,0.1712053418159485,1.0
2026-07-19 13:00:00,27.87187957763672,0.49723345041275024,733.362548828125,0.3397718071937561,1.0
2026-07-19 14:00:00,27.525243759155273,0.5059129595756531,644.9291381835938,0.5037242770195007,2.0
2026-07-19 15:00:00,26.870412826538086,0.5326635837554932,522.079345703125,0.5875539183616638,2.0
2026-07-19 16:00:00,26.105894088745117,0.5675759315490723,379.6940612792969,0.5803775191307068,2.0
2026-07-19 17:00:00,24.9698543548584,0.6193141937255859,223.7122802734375,0.518220841884613,2.0
2026-07-19 18:00:00,23.747554779052734,0.6833497285842896,76.5510025024414,0.3284299671649933,1.0
2026-07-19 19:00:00,22.91563606262207,0.7388473749160767,12.842659950256348,0.20777234435081482,1.0
2026-07-19 20:00:00,22.311294555664062,0.7667990922927856,11.570855140686035,0.04220260679721832,0.0
2026-07-19 21:00:00,21.650327682495117,0.7778968811035156,10.791359901428223,0.048584550619125366,0.0
2026-07-19 22:00:00,20.973098754882812,0.7972862720489502,-2.3944618701934814,-0.03594978153705597,0.0
2026-07-19 23:00:00,20.450468063354492,0.8248761296272278,-13.587241172790527,-0.02033834159374237,0.0
2026-07-20 00:00:00,19.939865112304688,0.8476264476776123,-13.112082481384277,0.008281156420707703,0.0
2026-07-20 01:00:00,19.755924224853516,0.8752598166465759,-11.106513023376465,0.023757293820381165,0.0
2026-07-20 02:00:00,19.504079818725586,0.8914954662322998,3.3782126903533936,-0.04399232566356659,0.0
2026-07-20 03:00:00,19.20888900756836,0.903856098651886,4.85811710357666,-0.02180473506450653,0.0
2026-07-20 04:00:00,19.101604461669922,0.9137600660324097,-8.09635066986084,-0.014935865998268127,0.0
2026-07-20 05:00:00,18.94584083557129,0.9262536764144897,-3.323767900466919,0.009520933032035828,0.0
2026-07-20 06:00:00,19.14920997619629,0.90633225440979,0.25746989250183105,0.01305621862411499,0.0
2026-07-20 07:00:00,20.317779541015625,0.8651039600372314,75.84191131591797,0.02028842270374298,0.0
2026-07-20 08:00:00,22.519792556762695,0.7722640037536621,257.53338623046875,0.04186379909515381,0.0
2026-07-20 09:00:00,24.51889991760254,0.6559795141220093,475.9583740234375,0.052604466676712036,0.0
2026-07-20 10:00:00,26.20017433166504,0.5814931392669678,653.3975219726562,0.06377767026424408,0.0
2026-07-20 11:00:00,27.316083908081055,0.5295931100845337,761.0154418945312,0.04716216027736664,0.0
2026-07-20 12:00:00,27.6889705657959,0.5077642202377319,779.2636108398438,0.2387218028306961,1.0
2026-07-20 13:00:00,27.765766143798828,0.495058536529541,750.0136108398438,0.39375385642051697,2.0
2026-07-20 14:00:00,27.530881881713867,0.4987970292568207,651.0079956054688,0.47139787673950195,2.0
2026-07-20 15:00:00,26.926233291625977,0.5291885733604431,522.3988647460938,0.5759633183479309,2.0
2026-07-20 16:00:00,26.069141387939453,0.5686964988708496,380.3892822265625,0.5693342089653015,2.0
2026-07-20 17:00:00,24.85489273071289,0.6261153817176819,212.3946075439453,0.41210702061653137,1.0
2026-07-20 18:00:00,23.539682388305664,0.6954730749130249,65.0174331665039,0.300426185131073,1.0
2026-07-20 19:00:00,22.698415756225586,0.7531260251998901,1.804375410079956,0.14251042902469635,1.0
2026-07-20 20:00:00,22.236530303955078,0.7966068387031555,-2.514655351638794,0.17881447076797485,1.0
2026-07-20 21:00:00,21.634950637817383,0.8257589340209961,2.0535972118377686,0.15949979424476624,1.0
2026-07-20 22:00:00,21.121906280517578,0.8461717963218689,-10.436148643493652,0.16551943123340607,1.0
2026-07-20 23:00:00,20.687915802001953,0.8756580352783203,-8.190237998962402,0.1331094354391098,1.0
2026-07-21 00:00:00,20.14564323425293,0.8952903151512146,-1.4420692920684814,0.15782593190670013,1.0
2026-07-21 01:00:00,19.786460876464844,0.9090672731399536,-1.007605791091919,0.17783479392528534,1.0
2026-07-21 02:00:00,19.359655380249023,0.911383330821991,5.28139591217041,0.13222622871398926,1.0
2026-07-21 03:00:00,19.166749954223633,0.9171920418739319,2.0551230907440186,0.09662066400051117,0.0
2026-07-21 04:00:00,19.037128448486328,0.9276412129402161,-2.192054033279419,0.07621036469936371,0.0
2026-07-21 05:00:00,18.982589721679688,0.9271737933158875,2.2945945262908936,0.06578727066516876,0.0
2026-07-21 06:00:00,19.247196197509766,0.9035556316375732,5.130501747131348,0.029624968767166138,0.0
2026-07-21 07:00:00,20.473453521728516,0.8512880802154541,91.45497131347656,0.06485629081726074,0.0
2026-07-21 08:00:00,22.653919219970703,0.7549005150794983,264.7078552246094,0.06442160904407501,0.0
2026-07-21 09:00:00,24.743297576904297,0.6482759118080139,472.37841796875,0.04717886447906494,0.0
2026-07-21 10:00:00,26.368408203125,0.5656667947769165,653.2827758789062,0.019413918256759644,0.0
2026-07-21 11:00:00,27.3724365234375,0.526371419429779,754.2523803710938,0.06069877743721008,0.0
2026-07-21 12:00:00,27.69042205810547,0.5053877830505371,768.202880859375,0.22119499742984772,1.0
2026-07-21 13:00:00,27.740253448486328,0.4983447194099426,717.60205078125,0.45913025736808777,1.0
2026-07-21 14:00:00,27.516145706176758,0.5032029747962952,649.0797729492188,0.5421908497810364,2.0
2026-07-21 15:00:00,26.96053695678711,0.5250049829483032,515.0900268554688,0.5777152180671692,2.0
2026-07-21 16:00:00,26.069608688354492,0.559735894203186,356.889404296875,0.44989025592803955,2.0
2026-07-21 17:00:00,24.973176956176758,0.6150093674659729,194.20176696777344,0.4189257323741913,1.0
2026-07-21 18:00:00,23.834854125976562,0.6922816634178162,59.298866271972656,0.2014036625623703,1.0
2026-07-21 19:00:00,22.944652557373047,0.7521362900733948,-2.2425758838653564,0.07934638857841492,0.0
2026-07-21 20:00:00,22.51976776123047,0.7876104116439819,-1.8521645069122314,0.05390079319477081,0.0
2026-07-21 21:00:00,21.953086853027344,0.8091151118278503,-1.6394264698028564,-0.009313419461250305,0.0
2026-07-21 22:00:00,21.365652084350586,0.8259917497634888,3.956475019454956,0.01936037838459015,0.0
2026-07-21 23:00:00,20.739267349243164,0.8424323797225952,6.219063758850098,0.00982104241847992,0.0
2026-07-22 00:00:00,20.108776092529297,0.8814997673034668,12.73201847076416,0.03422458469867706,0.0
2026-07-22 01:00:00,19.657007217407227,0.8916313648223877,8.775017738342285,0.060839638113975525,0.0
2026-07-22 02:00:00,19.35822105407715,0.8965999484062195,6.520302772521973,0.02095334231853485,0.0
2026-07-22 03:00:00,19.04579734802246,0.8939570784568787,7.596489906311035,0.03444734215736389,0.0
2026-07-22 04:00:00,18.90644073486328,0.900743305683136,1.8446738719940186,-0.007365391124039888,0.0
2026-07-22 05:00:00,18.820636749267578,0.9068412780761719,-5.35880184173584,0.07127857208251953,0.0
2026-07-22 06:00:00,19.053730010986328,0.8997042179107666,1.0304038524627686,0.10195723176002502,1.0
2026-07-22 07:00:00,20.378759384155273,0.8390519022941589,78.1043472290039,0.08731783926486969,0.0
2026-07-22 08:00:00,22.52126693725586,0.7527657747268677,265.5178527832031,0.13832247257232666,1.0
2026-07-22 09:00:00,24.573835372924805,0.6546117663383484,477.8807067871094,0.1806349903345108,1.0
2026-07-22 10:00:00,26.29708480834961,0.5760371685028076,652.1929931640625,0.08985072374343872,0.0
2026-07-22 11:00:00,27.471416473388672,0.5159480571746826,766.241455078125,0.11898471415042877,1.0
2026-07-22 12:00:00,27.97810173034668,0.48992082476615906,791.536865234375,0.128278911113739,1.0
2026-07-22 13:00:00,27.9635066986084,0.48076456785202026,747.3375854492188,0.24436317384243011,1.0
2026-07-22 14:00:00,27.624774932861328,0.4732559025287628,655.0794677734375,0.3289944529533386,1.0
2026-07-22 15:00:00,26.94705581665039,0.49769023060798645,522.617919921875,0.34013622999191284,1.0
2026-07-22 16:00:00,26.198915481567383,0.5348294973373413,373.30267333984375,0.2562466561794281,1.0
2026-07-22 17:00:00,25.15796661376953,0.5980377793312073,190.27342224121094,0.12952589988708496,1.0
2026-07-22 18:00:00,23.957828521728516,0.6518729329109192,52.93651580810547,-0.02088157832622528,0.0
2026-07-22 19:00:00,23.04522132873535,0.7126541137695312,-0.03694843873381615,-0.0720425695180893,0.0
2026-07-22 20:00:00,22.434734344482422,0.7549854516983032,6.42958927154541,-0.13694320619106293,0.0
2026-07-22 21:00:00,21.951852798461914,0.787743866443634,4.77108097076416,-0.15830369293689728,0.0
2026-07-22 22:00:00,21.38172149658203,0.8064890503883362,-0.43991780281066895,-0.12342117726802826,0.0
2026-07-22 23:00:00,20.87726593017578,0.8328019380569458,0.822350263595581,-0.1515413075685501,0.0
2026-07-23 00:00:00,20.376115798950195,0.8565555810928345,-7.964011192321777,-0.08943317830562592,0.0
2026-07-23 01:00:00,19.992229461669922,0.8659945726394653,-10.94419002532959,-0.08055354654788971,0.0
2026-07-23 02:00:00,19.537233352661133,0.8761536478996277,-18.473182678222656,-0.1033017486333847,0.0
2026-07-23 03:00:00,19.309764862060547,0.8926770687103271,-8.10642147064209,-0.15538708865642548,0.0
2026-07-23 04:00:00,19.265037536621094,0.9037497043609619,-3.9418556690216064,-0.2048519402742386,0.0
2026-07-23 05:00:00,19.017520904541016,0.9013568758964539,-12.02316951751709,-0.10966609418392181,0.0
2026-07-23 06:00:00,19.37171745300293,0.88653165102005,-5.098532676696777,-0.07050253450870514,0.0
2026-07-23 07:00:00,20.5800838470459,0.8497897982597351,71.61219024658203,-0.029784098267555237,0.0
2026-07-23 08:00:00,22.749290466308594,0.7496800422668457,257.9342956542969,0.06105846166610718,0.0
2026-07-23 09:00:00,24.700965881347656,0.6457439064979553,482.879638671875,0.050275176763534546,0.0
2026-07-23 10:00:00,26.319549560546875,0.5655102133750916,650.7008056640625,-0.012199774384498596,0.0
2026-07-23 11:00:00,27.366884231567383,0.5016167759895325,749.1398315429688,0.011170998215675354,0.0
2026-07-23 12:00:00,27.779516220092773,0.46580031514167786,765.6436157226562,0.1417759507894516,1.0
2026-07-23 13:00:00,27.91887664794922,0.4585280418395996,721.3255615234375,0.32184305787086487,1.0
2026-07-23 14:00:00,27.598670959472656,0.45641010999679565,636.5573120117188,0.32095396518707275,1.0
2026-07-23 15:00:00,27.05003547668457,0.4735790193080902,516.5584716796875,0.33005744218826294,1.0
2026-07-23 16:00:00,26.347396850585938,0.5161709785461426,360.57855224609375,0.29011332988739014,1.0
2026-07-23 17:00:00,25.30282211303711,0.5743632912635803,195.6113739013672,0.12814702093601227,1.0
2026-07-23 18:00:00,24.03632354736328,0.6437986493110657,61.839317321777344,0.09641207754611969,0.0
2026-07-23 19:00:00,23.127540588378906,0.6915886402130127,0.987908124923706,-0.0707118958234787,0.0
2026-07-23 20:00:00,22.624666213989258,0.7241292595863342,-14.588156700134277,-0.1743864268064499,0.0
2026-07-23 21:00:00,22.049837112426758,0.7499303221702576,-2.4492714405059814,-0.10912163555622101,0.0
2026-07-23 22:00:00,21.436847686767578,0.7774431705474854,-8.04209041595459,-0.15877820551395416,0.0
2026-07-23 23:00:00,20.960697174072266,0.8179001808166504,-15.994009971618652,-0.1647903472185135,0.0
2026-07-24 00:00:00,20.431245803833008,0.8553879261016846,-8.368887901306152,-0.052374258637428284,0.0
2026-07-24 01:00:00,19.957767486572266,0.8817892074584961,-1.4873268604278564,-0.04741282761096954,0.0
2026-07-24 02:00:00,19.44468116760254,0.9006901383399963,2.9885032176971436,-0.03074316680431366,0.0
2026-07-24 03:00:00,19.167728424072266,0.921495795249939,4.82003116607666,-0.09735004603862762,0.0
2026-07-24 04:00:00,19.061756134033203,0.9315876960754395,17.881431579589844,-0.05278898775577545,0.0
2026-07-24 05:00:00,18.99762535095215,0.9359660744667053,9.254143714904785,-0.090447798371315,0.0
2026-07-24 06:00:00,19.199539184570312,0.9128788113594055,19.188941955566406,-0.016889795660972595,0.0
2026-07-24 07:00:00,20.48812484741211,0.8576088547706604,104.00655364990234,-0.03172890841960907,0.0
2026-07-24 08:00:00,22.592041015625,0.7563027143478394,275.0644226074219,-0.02573014795780182,0.0
2026-07-24 09:00:00,24.624189376831055,0.6531226634979248,490.17529296875,-0.02886180579662323,0.0
2026-07-24 10:00:00,26.34893226623535,0.558455765247345,662.4503784179688,-0.04290272295475006,0.0
2026-07-24 11:00:00,27.38298797607422,0.49107566475868225,756.97216796875,-0.0788784772157669,0.0
2026-07-24 12:00:00,27.83030891418457,0.4634791314601898,792.9374389648438,0.01966308057308197,0.0
2026-07-24 13:00:00,27.959510803222656,0.44122108817100525,745.7196044921875,0.04406265914440155,0.0
2026-07-24 14:00:00,27.53371810913086,0.4365740418434143,643.4522094726562,0.16899961233139038,2.0
2026-07-24 15:00:00,27.06707191467285,0.4364530146121979,528.0855102539062,0.23838044703006744,1.0
2026-07-24 16:00:00,26.374313354492188,0.46950381994247437,363.1582946777344,0.19559021294116974,1.0
2026-07-24 17:00:00,25.1690731048584,0.5272735953330994,191.01487731933594,0.0921822041273117,0.0
2026-07-24 18:00:00,23.945659637451172,0.5983355045318604,62.58838653564453,-0.069403275847435,0.0
2026-07-24 19:00:00,23.116989135742188,0.6535202264785767,1.7090842723846436,-0.05601595342159271,0.0
2026-07-24 20:00:00,22.710908889770508,0.6986725330352783,-4.227286338806152,-0.10324077308177948,0.0
2026-07-24 21:00:00,22.12380027770996,0.7318858504295349,7.400551795959473,-0.03810270130634308,0.0
2026-07-24 22:00:00,21.531692504882812,0.7642813920974731,0.18462443351745605,0.06397600471973419,0.0
2026-07-24 23:00:00,20.937599182128906,0.8050546646118164,-10.466498374938965,0.026000648736953735,0.0
2026-07-25 00:00:00,20.35922622680664,0.8447227478027344,-2.060645341873169,0.02606169879436493,0.0
2026-07-25 01:00:00,19.877273559570312,0.8757777810096741,-3.577735185623169,0.0034609136637300253,0.0
2026-07-25 02:00:00,19.318578720092773,0.9013984799385071,-5.608389854431152,-0.02957458794116974,0.0
2026-07-25 03:00:00,19.099328994750977,0.9192582368850708,1.2498862743377686,-0.06843613088130951,0.0
2026-07-25 04:00:00,19.063478469848633,0.9316290616989136,14.824898719787598,-0.09610848128795624,0.0
2026-07-25 05:00:00,19.04132843017578,0.9294795989990234,10.130715370178223,-0.10378439724445343,0.0
2026-07-25 06:00:00,19.196582794189453,0.9155189990997314,10.300087928771973,-0.08151404559612274,0.0
2026-07-25 07:00:00,20.412220001220703,0.8569289445877075,82.58499908447266,-0.04679642617702484,0.0
2026-07-25 08:00:00,22.56951332092285,0.7623207569122314,266.913330078125,-0.03562767803668976,0.0
2026-07-25 09:00:00,24.709766387939453,0.6581031680107117,488.9681091308594,-0.05993150174617767,0.0
2026-07-25 10:00:00,26.321836471557617,0.5653206706047058,642.5233764648438,-0.07804776728153229,0.0
2026-07-25 11:00:00,27.625133514404297,0.49388813972473145,745.0045166015625,-0.04491911828517914,0.0
2026-07-25 12:00:00,28.08660316467285,0.45214787125587463,771.805419921875,0.1595843881368637,1.0
2026-07-25 13:00:00,28.110679626464844,0.4352228045463562,729.3687744140625,0.3437056243419647,1.0
2026-07-25 14:00:00,27.849885940551758,0.42039671540260315,654.1585083007812,0.5594267249107361,2.0
2026-07-25 15:00:00,27.141096115112305,0.4211902916431427,548.9142456054688,0.5349419116973877,2.0
2026-07-25 16:00:00,26.42723846435547,0.451346218585968,379.9822692871094,0.4194527864456177,1.0
2026-07-25 17:00:00,25.314376831054688,0.5049514770507812,211.2363739013672,0.2661762237548828,1.0
2026-07-25 18:00:00,24.12908363342285,0.5733733177185059,64.4676742553711,0.07116657495498657,0.0
2026-07-25 19:00:00,23.342235565185547,0.6348649859428406,-6.479514122009277,-0.06764121353626251,0.0
2026-07-25 20:00:00,22.8496036529541,0.665925145149231,-7.730963706970215,-0.05724431574344635,0.0
2026-07-25 21:00:00,22.22537612915039,0.7001768946647644,-7.52469539642334,-0.0032895358745008707,0.0
2026-07-25 22:00:00,21.59779167175293,0.7296538949012756,-12.113638877868652,-0.024464473128318787,0.0
2026-07-25 23:00:00,21.073156356811523,0.7738454937934875,-12.019721031188965,-0.015335187315940857,0.0
2026-07-26 00:00:00,20.467090606689453,0.820227324962616,-1.2677834033966064,0.015923678874969482,0.0
2026-07-26 01:00:00,20.005647659301758,0.8598405122756958,-3.7457802295684814,-0.035831764340400696,0.0
2026-07-26 02:00:00,19.59264373779297,0.8922479152679443,1.694054365158081,-0.05289812386035919,0.0
2026-07-26 03:00:00,19.22661018371582,0.9170902371406555,3.999474287033081,-0.09404100477695465,0.0
2026-07-26 04:00:00,19.084266662597656,0.944918692111969,12.372811317443848,-0.1630113571882248,0.0
2026-07-26 05:00:00,18.90911102294922,0.9549563527107239,0.8785483837127686,-0.2038087695837021,0.0
2026-07-26 06:00:00,19.149951934814453,0.9442648887634277,5.643425941467285,-0.14979441463947296,0.0
2026-07-26 07:00:00,20.458200454711914,0.8878105282783508,84.88614654541016,-0.07645921409130096,0.0
2026-07-26 08:00:00,22.53890037536621,0.7905867099761963,255.81851196289062,-0.024658039212226868,0.0
2026-07-26 09:00:00,24.64947509765625,0.6755221486091614,481.4739990234375,-0.05307631194591522,0.0
2026-07-26 10:00:00,26.506179809570312,0.5735070705413818,653.3156127929688,-0.08462159335613251,0.0
2026-07-26 11:00:00,27.648130416870117,0.5004653334617615,739.6067504882812,-0.10068918764591217,0.0
2026-07-26 12:00:00,28.164796829223633,0.45726677775382996,772.8178100585938,-0.05003495514392853,0.0
2026-07-26 13:00:00,28.35643196105957,0.4406992197036743,726.7320556640625,0.11140377819538116,1.0
2026-07-26 14:00:00,28.01618194580078,0.4304719865322113,622.4811401367188,0.16361653804779053,1.0
2026-07-26 15:00:00,27.6291446685791,0.43428730964660645,497.4241027832031,0.24788014590740204,1.0
2026-07-26 16:00:00,26.761320114135742,0.45624637603759766,368.45977783203125,0.3401912450790405,1.0
2026-07-26 17:00:00,25.59928321838379,0.5165686011314392,192.93711853027344,0.3588111400604248,1.0
2026-07-26 18:00:00,24.402456283569336,0.5836886763572693,58.41053009033203,0.23669449985027313,1.0
2026-07-26 19:00:00,23.493465423583984,0.648155927658081,-3.628852128982544,0.14800475537776947,1.0
2026-07-26 20:00:00,22.9152889251709,0.6803330779075623,-8.559683799743652,0.12911181151866913,1.0
2026-07-26 21:00:00,22.211381912231445,0.7093424797058105,5.115212440490723,-0.011143967509269714,0.0
2026-07-26 22:00:00,21.539133071899414,0.7422224283218384,4.170281410217285,-0.0368514209985733,0.0
2026-07-26 23:00:00,20.918087005615234,0.7781674861907959,-7.097586631774902,-0.011036679148674011,0.0
2026-07-27 00:00:00,20.40353775024414,0.8181443214416504,-5.891440391540527,0.03537006676197052,0.0
2026-07-27 01:00:00,19.884902954101562,0.8531336784362793,-7.666922569274902,0.0892709344625473,0.0
2026-07-27 02:00:00,19.453083038330078,0.8895404934883118,-1.3377296924591064,0.1162077933549881,1.0
2026-07-27 03:00:00,19.188013076782227,0.9158027768135071,7.07778263092041,0.060117676854133606,0.0
2026-07-27 04:00:00,19.09437370300293,0.9422546625137329,2.4831931591033936,-0.06233502924442291,0.0
2026-07-27 05:00:00,19.064603805541992,0.9568713307380676,-3.2292702198028564,-0.05521182715892792,0.0
2026-07-27 06:00:00,19.365236282348633,0.9335154294967651,12.402047157287598,-0.051143303513526917,0.0
2026-07-27 07:00:00,20.579063415527344,0.887588381767273,92.57011413574219,-0.008630916476249695,0.0
2026-07-27 08:00:00,22.63160514831543,0.7873177528381348,274.1740417480469,-0.01945953071117401,0.0
2026-07-27 09:00:00,24.732379913330078,0.6737596392631531,484.7143859863281,-0.047690317034721375,0.0
2026-07-27 10:00:00,26.515064239501953,0.5808057188987732,650.6414794921875,-0.10264424979686737,0.0
2026-07-27 11:00:00,27.789886474609375,0.49370938539505005,755.763671875,-0.05240543186664581,0.0
2026-07-27 12:00:00,28.262222290039062,0.45048901438713074,794.8140869140625,0.10712021589279175,1.0
2026-07-27 13:00:00,28.242277145385742,0.422322154045105,744.4319458007812,0.26191285252571106,1.0
2026-07-27 14:00:00,28.13404655456543,0.41314318776130676,650.6612548828125,0.36727282404899597,1.0
2026-07-27 15:00:00,27.602506637573242,0.4227682650089264,504.72900390625,0.3960575461387634,1.0
2026-07-27 16:00:00,26.763166427612305,0.4552763104438782,348.34027099609375,0.3847195506095886,1.0
2026-07-27 17:00:00,25.712461471557617,0.49969080090522766,182.44610595703125,0.35735654830932617,1.0
2026-07-27 18:00:00,24.39724349975586,0.5676321983337402,46.46031951904297,0.17150579392910004,1.0
2026-07-27 19:00:00,23.509506225585938,0.6208779811859131,-15.795157432556152,0.11808374524116516,1.0
2026-07-27 20:00:00,23.042673110961914,0.6546092629432678,-11.573309898376465,0.0630127489566803,0.0
2026-07-27 21:00:00,22.461618423461914,0.6845334768295288,-12.190878868103027,0.03930141031742096,0.0
2026-07-27 22:00:00,21.757701873779297,0.7104290127754211,-32.25586700439453,0.02100980281829834,0.0
2026-07-27 23:00:00,21.14653968811035,0.7576397061347961,-16.232139587402344,0.05147413909435272,0.0
2026-07-28 00:00:00,20.56279754638672,0.7944267392158508,-16.67095184326172,0.036634400486946106,0.0
2026-07-28 01:00:00,20.0257511138916,0.8279099464416504,-15.906577110290527,0.03831489384174347,0.0
2026-07-28 02:00:00,19.56352424621582,0.8495979309082031,-14.70487117767334,0.003083169227465987,0.0
2026-07-28 03:00:00,19.220794677734375,0.8787305355072021,-12.119391441345215,-0.011369660496711731,0.0
2026-07-28 04:00:00,19.05691146850586,0.89925217628479,-9.280997276306152,-0.021554365754127502,0.0
2026-07-28 05:00:00,19.019731521606445,0.906032145023346,-1.1743385791778564,0.010066941380500793,0.0
2026-07-28 06:00:00,19.213747024536133,0.8957493305206299,-2.407263994216919,-0.02064131200313568,0.0
2026-07-28 07:00:00,20.480281829833984,0.8468738198280334,77.54718780517578,0.05259554088115692,0.0
2026-07-28 08:00:00,22.61063003540039,0.7585359215736389,272.5543518066406,0.0777466893196106,0.0
2026-07-28 09:00:00,24.815731048583984,0.6443787813186646,497.8215637207031,0.0391107052564621,0.0
2026-07-28 10:00:00,26.651002883911133,0.5571112036705017,670.5178833007812,0.01100476086139679,0.0
2026-07-28 11:00:00,27.945953369140625,0.4908539950847626,775.3113403320312,0.0027657595928758383,0.0
2026-07-28 12:00:00,28.464263916015625,0.4464568793773651,777.9224243164062,0.16452424228191376,1.0
2026-07-28 13:00:00,28.546300888061523,0.4187844395637512,722.3616333007812,0.31278955936431885,1.0
2026-07-28 14:00:00,28.358131408691406,0.41431617736816406,647.7725830078125,0.4280639886856079,1.0
2026-07-28 15:00:00,27.688858032226562,0.4209952652454376,528.7901000976562,0.524438738822937,2.0
2026-07-28 16:00:00,26.787342071533203,0.44391196966171265,367.8917236328125,0.4102282226085663,1.0
2026-07-28 17:00:00,25.63202667236328,0.5003290176391602,194.4249725341797,0.20905758440494537,1.0
2026-07-28 18:00:00,24.404327392578125,0.563885509967804,53.969825744628906,0.18014994263648987,1.0
2026-07-28 19:00:00,23.44223976135254,0.6142095923423767,-11.16605281829834,0.08271747827529907,0.0
2026-07-28 20:00:00,22.891162872314453,0.6431120038032532,-9.109946250915527,0.06297916173934937,0.0
2026-07-28 21:00:00,22.29505729675293,0.6609201431274414,-6.758597373962402,-0.005895525682717562,0.0
2026-07-28 22:00:00,21.57740592956543,0.6906231641769409,-16.602394104003906,0.018558606505393982,0.0
2026-07-28 23:00:00,20.99293327331543,0.735451340675354,-21.822608947753906,0.04223892092704773,0.0
2026-07-29 00:00:00,20.48930549621582,0.7725387215614319,-9.924994468688965,0.02486070990562439,0.0
2026-07-29 01:00:00,19.860166549682617,0.8137637376785278,-6.670340538024902,0.04921168088912964,0.0
2026-07-29 02:00:00,19.44877815246582,0.8429468870162964,-14.46518611907959,-0.00718213664367795,0.0
2026-07-29 03:00:00,19.13421058654785,0.8637919425964355,-6.386298179626465,-0.029072508215904236,0.0
2026-07-29 04:00:00,19.03948211669922,0.8793312907218933,-2.5041725635528564,0.030663803219795227,0.0
2026-07-29 05:00:00,18.973901748657227,0.8857280015945435,-3.7133095264434814,0.06896820664405823,0.0
2026-07-29 06:00:00,19.072988510131836,0.8732041120529175,6.53695011138916,0.07667852938175201,0.0
2026-07-29 07:00:00,20.3762149810791,0.8256815671920776,86.03894805908203,0.13392408192157745,1.0
2026-07-29 08:00:00,22.554616928100586,0.7438279390335083,265.3443603515625,0.1326993852853775,1.0
2026-07-29 09:00:00,24.695669174194336,0.6371802687644958,476.305908203125,0.14335688948631287,1.0
2026-07-29 10:00:00,26.542497634887695,0.5456503629684448,660.120849609375,0.10036571323871613,1.0
2026-07-29 11:00:00,27.728296279907227,0.47766613960266113,753.7639770507812,0.10957829654216766,1.0
2026-07-29 12:00:00,28.133493423461914,0.4411294758319855,776.9718627929688,0.14181309938430786,1.0
2026-07-29 13:00:00,28.295822143554688,0.41958412528038025,740.8298950195312,0.26379868388175964,1.0
2026-07-29 14:00:00,28.14056968688965,0.41945233941078186,645.7427978515625,0.3756527006626129,1.0
2026-07-29 15:00:00,27.574796676635742,0.4278016984462738,531.408203125,0.43628233671188354,1.0
2026-07-29 16:00:00,26.75315284729004,0.44583654403686523,384.3650817871094,0.4007149040699005,1.0
2026-07-29 17:00:00,25.446243286132812,0.4900859296321869,199.04541015625,0.2451283037662506,1.0
2026-07-29 18:00:00,24.19097137451172,0.5485454797744751,59.58277130126953,0.14074324071407318,1.0
2026-07-29 19:00:00,23.3016300201416,0.5912226438522339,-11.469809532165527,0.04059919714927673,0.0
2026-07-29 20:00:00,22.83197593688965,0.6374167799949646,-12.504645347595215,0.08066774904727936,0.0
2026-07-29 21:00:00,22.34769058227539,0.6666653752326965,-11.72251033782959,0.044539421796798706,0.0
2026-07-29 22:00:00,21.6634578704834,0.6957363486289978,-12.290060997009277,0.11547335982322693,1.0
2026-07-29 23:00:00,21.104150772094727,0.7353009581565857,-0.713111162185669,0.10707315802574158,1.0
2026-07-30 00:00:00,20.56618309020996,0.7691547274589539,-18.59447479248047,0.13151606917381287,1.0
2026-07-30 01:00:00,20.050569534301758,0.7933619618415833,-13.52774715423584,0.16263869404792786,1.0
2026-07-30 02:00:00,19.605789184570312,0.8182072043418884,-28.703346252441406,0.0709674060344696,0.0
2026-07-30 03:00:00,19.25900650024414,0.8381021618843079,-17.62091827392578,0.04342430830001831,0.0
2026-07-30 04:00:00,19.05073356628418,0.856967568397522,-5.230887413024902,0.017817765474319458,0.0
2026-07-30 05:00:00,19.067718505859375,0.8650309443473816,-6.456107139587402,0.062010809779167175,0.0
2026-07-30 06:00:00,19.354877471923828,0.8406302332878113,4.086831092834473,0.09666544198989868,0.0
2026-07-30 07:00:00,20.649375915527344,0.7959266304969788,83.0787124633789,0.12160823494195938,1.0
2026-07-30 08:00:00,22.84611701965332,0.7065011858940125,263.5987548828125,0.15658800303936005,1.0
2026-07-30 09:00:00,24.773849487304688,0.6109852194786072,481.1177673339844,0.1395409256219864,1.0
2026-07-30 10:00:00,26.460617065429688,0.5414808988571167,665.2219848632812,0.08660101890563965,0.0
2026-07-30 11:00:00,27.57160758972168,0.4858158528804779,759.4754638671875,0.11738263070583344,1.0
2026-07-30 12:00:00,28.131790161132812,0.45858415961265564,796.2041625976562,0.17050589621067047,1.0
2026-07-30 13:00:00,28.180482864379883,0.431274950504303,755.8550415039062,0.24161794781684875,1.0
2026-07-30 14:00:00,27.809423446655273,0.4365893304347992,665.7225341796875,0.45203813910484314,1.0
2026-07-30 15:00:00,27.232524871826172,0.4573001563549042,529.8287353515625,0.4449252188205719,1.0
2026-07-30 16:00:00,26.53714370727539,0.4838930666446686,369.5873107910156,0.5122187733650208,2.0
2026-07-30 17:00:00,25.3323917388916,0.5321792364120483,206.8564910888672,0.3634485900402069,1.0
2026-07-30 18:00:00,23.965557098388672,0.5825626254081726,65.15674591064453,0.22024905681610107,1.0
2026-07-30 19:00:00,23.08904457092285,0.6273465752601624,-9.871222496032715,0.0130576491355896,0.0
2026-07-30 20:00:00,22.60366439819336,0.6622586250305176,-13.963706016540527,-0.056198850274086,0.0
2026-07-30 21:00:00,22.08152961730957,0.6801205277442932,-8.821677207946777,-0.09565041959285736,0.0
2026-07-30 22:00:00,21.410390853881836,0.7027024626731873,-14.292990684509277,-0.13435481488704681,0.0
2026-07-30 23:00:00,20.923725128173828,0.7401822805404663,-22.01256561279297,-0.07602064311504364,0.0
2026-07-31 00:00:00,20.317928314208984,0.7792786359786987,-12.173666954040527,-0.025002822279930115,0.0
2026-07-31 01:00:00,19.89124870300293,0.8094519376754761,-16.089256286621094,0.008084654808044434,0.0
2026-07-31 02:00:00,19.41070556640625,0.8354616165161133,-6.338339805603027,0.02520933747291565,0.0
2026-07-31 03:00:00,19.11151123046875,0.8613117933273315,-0.810462236404419,0.05621439218521118,0.0
2026-07-31 04:00:00,18.999109268188477,0.876924991607666,7.127755165100098,0.08315105736255646,0.0
2026-07-31 05:00:00,18.980998992919922,0.8937875032424927,1.537895917892456,0.14150649309158325,1.0
2026-07-31 06:00:00,19.110288619995117,0.8773669004440308,11.25075626373291,0.2193622887134552,1.0
2026-07-31 07:00:00,20.36664390563965,0.8350794315338135,80.86730194091797,0.23382368683815002,1.0
2026-07-31 08:00:00,22.47520637512207,0.7489001750946045,263.746337890625,0.22919248044490814,1.0
2026-07-31 09:00:00,24.543981552124023,0.6509836316108704,480.4152526855469,0.19274581968784332,1.0
2026-07-31 10:00:00,26.209407806396484,0.5659714937210083,644.523681640625,0.21016451716423035,1.0
2026-07-31 11:00:00,27.430416107177734,0.5136770606040955,745.8908081054688,0.19039176404476166,1.0
2026-07-31 12:00:00,28.030189514160156,0.4852413535118103,760.97607421875,0.32924556732177734,1.0
2026-07-31 13:00:00,28.179729461669922,0.4746542274951935,721.7796020507812,0.38350704312324524,1.0
2026-07-31 14:00:00,28.119220733642578,0.46235743165016174,650.1657104492188,0.4167479872703552,2.0
2026-07-31 15:00:00,27.57695960998535,0.4635637700557709,515.9769897460938,0.4955565631389618,2.0
2026-07-31 16:00:00,26.740751266479492,0.48904335498809814,346.047119140625,0.4353460371494293,2.0
2026-07-31 17:00:00,25.593687057495117,0.5367503762245178,186.33621215820312,0.2523588538169861,2.0
2026-07-31 18:00:00,24.28545379638672,0.5941526889801025,47.86670684814453,0.15658317506313324,2.0
2026-07-31 19:00:00,23.364316940307617,0.6391632556915283,-5.280585289001465,0.03861621022224426,0.0
2026-07-31 20:00:00,22.737878799438477,0.6680384278297424,-7.665244102478027,-0.0077094887383282185,0.0
2026-07-31 21:00:00,22.226537704467773,0.691251277923584,-7.828299522399902,-0.02432332932949066,0.0
2026-07-31 22:00:00,21.532672882080078,0.7153962850570679,-4.361701011657715,-0.047554537653923035,0.0
2026-07-31 23:00:00,20.92386245727539,0.7496225833892822,-1.5027382373809814,0.005987345706671476,0.0
