time,suhu,cuaca,humidity,light_intensity,ph,precipitation
2026-05-01 00:00:00,21.353363037109375,1.0,0.9025536775588989,10.262800216674805,6.759073734283447,0.370515912771225
2026-05-01 01:00:00,20.983903884887695,1.0,0.9067789316177368,18.806028366088867,6.7590813636779785,0.2535773515701294
2026-05-01 02:00:00,20.63791847229004,1.0,0.9064611792564392,30.929533004760742,6.759873390197754,0.16207574307918549
2026-05-01 03:00:00,20.078393936157227,1.0,0.9251773357391357,32.51853942871094,6.759267330169678,0.12845371663570404
2026-05-01 04:00:00,19.580629348754883,1.0,0.936998188495636,27.508832931518555,6.759127616882324,0.10398004949092865
2026-05-01 05:00:00,19.396303176879883,1.0,0.9408530592918396,1.0348495244979858,6.758780002593994,0.10970796644687653
2026-05-01 06:00:00,19.88810157775879,0.0,0.9216298460960388,17.778059005737305,6.759550094604492,0.06446900963783264
2026-05-01 07:00:00,21.2738094329834,0.0,0.8792281150817871,116.57730102539062,6.759320259094238,0.053432416170835495
2026-05-01 08:00:00,23.199644088745117,0.0,0.8096662759780884,318.1582336425781,6.759443759918213,0.05034738406538963
2026-05-01 09:00:00,25.29642105102539,0.0,0.7273497581481934,526.6787719726562,6.759122371673584,0.08819375932216644
2026-05-01 10:00:00,26.607524871826172,1.0,0.6636765599250793,680.4035034179688,6.759722709655762,0.20409095287322998
2026-05-01 11:00:00,27.337690353393555,1.0,0.6278929114341736,744.0494995117188,6.760453701019287,0.3552509844303131
2026-05-01 12:00:00,27.296987533569336,2.0,0.6178033351898193,724.1199340820312,6.760375022888184,0.48300889134407043
2026-05-01 13:00:00,27.050241470336914,2.0,0.6277217864990234,643.919189453125,6.7610907554626465,0.47633591294288635
2026-05-01 14:00:00,26.670846939086914,2.0,0.644694447517395,544.3458862304688,6.761847972869873,0.39747536182403564
2026-05-01 15:00:00,25.903362274169922,2.0,0.6798430681228638,433.5693054199219,6.7622294425964355,0.3053787350654602
2026-05-01 16:00:00,25.241655349731445,2.0,0.7279844284057617,290.81805419921875,6.762864112854004,0.17400601506233215
2026-05-01 17:00:00,24.438533782958984,2.0,0.7802883386611938,162.03546142578125,6.763244152069092,0.06864798069000244
2026-05-01 18:00:00,23.67116928100586,1.0,0.8289687633514404,83.21073913574219,6.763211727142334,0.0265634935349226
2026-05-01 19:00:00,23.021528244018555,1.0,0.8681990504264832,39.57447814941406,6.762532711029053,0.018868131563067436
2026-05-01 20:00:00,22.630456924438477,0.0,0.8828758001327515,17.790571212768555,6.76215124130249,0.06475046277046204
2026-05-01 21:00:00,22.36117935180664,2.0,0.8894638419151306,6.968428134918213,6.761622428894043,0.059548672288656235
2026-05-01 22:00:00,21.852441787719727,1.0,0.894788920879364,10.366941452026367,6.761968612670898,0.10686850547790527
2026-05-01 23:00:00,21.55413818359375,0.0,0.9001398086547852,7.066542148590088,6.761631488800049,0.07165466248989105
2026-05-02 00:00:00,21.352031707763672,0.0,0.9071077704429626,26.808698654174805,6.761849403381348,0.0674305260181427
2026-05-02 01:00:00,21.221477508544922,0.0,0.9148540496826172,21.640989303588867,6.761689186096191,0.028972221538424492
2026-05-02 02:00:00,20.938636779785156,0.0,0.9163147211074829,16.900632858276367,6.762237548828125,0.037478040903806686
2026-05-02 03:00:00,20.298381805419922,0.0,0.925871729850769,35.11949157714844,6.761639595031738,0.03621869906783104
2026-05-02 04:00:00,19.67620277404785,0.0,0.9431211352348328,14.049802780151367,6.760684013366699,0.06866085529327393
2026-05-02 05:00:00,19.528614044189453,0.0,0.9446631073951721,-14.63597297668457,6.761447429656982,0.07732293009757996
2026-05-02 06:00:00,20.000078201293945,0.0,0.9289595484733582,17.05128288269043,6.760916709899902,0.06498311460018158
2026-05-02 07:00:00,21.25057029724121,0.0,0.8841434121131897,114.07469177246094,6.7607245445251465,0.06536057591438293
2026-05-02 08:00:00,23.273534774780273,0.0,0.812633752822876,312.0435485839844,6.7601447105407715,0.02553023211658001
2026-05-02 09:00:00,25.471078872680664,0.0,0.7341495752334595,512.988037109375,6.761028289794922,0.08392636477947235
2026-05-02 10:00:00,26.975893020629883,1.0,0.6680761575698853,661.5806274414062,6.760714054107666,0.16956882178783417
2026-05-02 11:00:00,27.71503257751465,1.0,0.6290173530578613,704.4490966796875,6.7606587409973145,0.235998272895813
2026-05-02 12:00:00,27.840829849243164,1.0,0.6210201978683472,692.2421875,6.760303497314453,0.3176874816417694
2026-05-02 13:00:00,27.5365047454834,1.0,0.6327195167541504,625.8876342773438,6.759461402893066,0.34486088156700134
2026-05-02 14:00:00,26.828702926635742,2.0,0.6518675684928894,526.9972534179688,6.760601043701172,0.30648741126060486
2026-05-02 15:00:00,26.021385192871094,2.0,0.6875814199447632,412.98095703125,6.7608160972595215,0.24536658823490143
2026-05-02 16:00:00,25.34353256225586,2.0,0.7299625873565674,283.1921081542969,6.760549545288086,0.15169234573841095
2026-05-02 17:00:00,24.597925186157227,1.0,0.7788848280906677,148.13092041015625,6.7601518630981445,0.06845048069953918
2026-05-02 18:00:00,23.773128509521484,1.0,0.833429753780365,54.407928466796875,6.760336875915527,0.012810749001801014
2026-05-02 19:00:00,23.10976219177246,1.0,0.8732346892356873,5.473997592926025,6.759591579437256,0.012889203615486622
2026-05-02 20:00:00,22.62950325012207,1.0,0.8875024914741516,5.376585483551025,6.759491920471191,0.04788058623671532
2026-05-02 21:00:00,22.358545303344727,2.0,0.8957948684692383,0.30686792731285095,6.759973049163818,0.07213805615901947
2026-05-02 22:00:00,21.910099029541016,2.0,0.9044044613838196,-0.020494120195508003,6.761496543884277,0.07756321132183075
2026-05-02 23:00:00,21.372468948364258,2.0,0.9106729626655579,-0.22793735563755035,6.761135101318359,0.09447728097438812
2026-05-03 00:00:00,21.020479202270508,0.0,0.9173072576522827,7.72158670425415,6.760452747344971,0.06006879732012749
2026-05-03 01:00:00,20.867252349853516,0.0,0.9236659407615662,-5.893022060394287,6.76097297668457,0.060980912297964096
2026-05-03 02:00:00,20.56532859802246,0.0,0.9236032962799072,6.343000888824463,6.761483669281006,0.038328226655721664
2026-05-03 03:00:00,19.923904418945312,0.0,0.9341439008712769,8.04316520690918,6.761378288269043,0.0399666391313076
2026-05-03 04:00:00,19.541675567626953,0.0,0.9455769658088684,-6.1308913230896,6.760263919830322,0.06241905316710472
2026-05-03 05:00:00,19.33382225036621,0.0,0.9423584938049316,-7.422196865081787,6.759263515472412,0.06400707364082336
2026-05-03 06:00:00,19.672592163085938,0.0,0.9244496822357178,23.90931510925293,6.759277820587158,0.05786046013236046
2026-05-03 07:00:00,21.17490577697754,0.0,0.8785423636436462,130.4756622314453,6.759776592254639,0.015698982402682304
2026-05-03 08:00:00,23.239336013793945,0.0,0.8072575926780701,321.1487121582031,6.758481979370117,0.007853982038795948
2026-05-03 09:00:00,25.531009674072266,0.0,0.7238295078277588,525.9512329101562,6.7587809562683105,0.057523783296346664
2026-05-03 10:00:00,26.938587188720703,1.0,0.6686483025550842,682.9300537109375,6.758397579193115,0.14670349657535553
2026-05-03 11:00:00,27.75225257873535,1.0,0.6357997059822083,742.0292358398438,6.758254528045654,0.25969618558883667
2026-05-03 12:00:00,27.70052146911621,1.0,0.629647970199585,713.68603515625,6.759005069732666,0.33797401189804077
2026-05-03 13:00:00,27.418363571166992,2.0,0.6369367837905884,642.0346069335938,6.75915002822876,0.44885677099227905
2026-05-03 14:00:00,26.80097770690918,1.0,0.65716153383255,562.6873168945312,6.758174419403076,0.3106738030910492
2026-05-03 15:00:00,26.11338233947754,2.0,0.6950571537017822,444.5303649902344,6.758330345153809,0.2913033366203308
2026-05-03 16:00:00,25.38827896118164,1.0,0.7401258945465088,301.6816101074219,6.75770902633667,0.14760872721672058
2026-05-03 17:00:00,24.49134063720703,1.0,0.7872774004936218,171.75686645507812,6.756843090057373,0.0740652084350586
2026-05-03 18:00:00,23.6522274017334,1.0,0.8345714807510376,74.90988159179688,6.756917476654053,0.029257385060191154
2026-05-03 19:00:00,23.026357650756836,0.0,0.8747625946998596,13.630735397338867,6.756605625152588,-0.0029485695995390415
2026-05-03 20:00:00,22.633638381958008,0.0,0.891535758972168,1.6468490362167358,6.756998062133789,0.009576556272804737
2026-05-03 21:00:00,22.287317276000977,0.0,0.898955762386322,-12.26500129699707,6.7576727867126465,0.06199392303824425
2026-05-03 22:00:00,21.788633346557617,0.0,0.8942734599113464,-9.61430549621582,6.757945537567139,0.07898345589637756
2026-05-03 23:00:00,21.22947883605957,0.0,0.9024633169174194,19.65199089050293,6.757744789123535,0.08648520708084106
2026-05-04 00:00:00,20.993404388427734,0.0,0.9150064587593079,36.228118896484375,6.757887840270996,0.06516766548156738
2026-05-04 01:00:00,20.763389587402344,0.0,0.9231145977973938,5.748304843902588,6.75799036026001,0.03476389870047569
2026-05-04 02:00:00,20.305091857910156,0.0,0.927041232585907,18.26716423034668,6.757130146026611,0.04176444932818413
2026-05-04 03:00:00,19.73307991027832,0.0,0.9326871037483215,36.51033020019531,6.756960391998291,0.009920087642967701
2026-05-04 04:00:00,19.27406883239746,0.0,0.9427147507667542,12.201444625854492,6.756380081176758,0.018661214038729668
2026-05-04 05:00:00,19.254858016967773,0.0,0.9440508484840393,-7.904298305511475,6.756405830383301,0.0341656319797039
2026-05-04 06:00:00,19.792469024658203,0.0,0.9282716512680054,16.49928092956543,6.7562174797058105,0.010126185603439808
2026-05-04 07:00:00,21.224864959716797,0.0,0.8836061954498291,110.78507995605469,6.756208419799805,0.02017083577811718
2026-05-04 08:00:00,23.32421112060547,0.0,0.8137696385383606,303.96112060546875,6.757020473480225,0.013265249319374561
2026-05-04 09:00:00,25.578142166137695,1.0,0.7288248538970947,518.1549682617188,6.755560874938965,0.10192422568798065
2026-05-04 10:00:00,27.01649284362793,1.0,0.6596143841743469,678.955810546875,6.755458831787109,0.1244819387793541
2026-05-04 11:00:00,27.65715789794922,1.0,0.627287745475769,744.5542602539062,6.755019664764404,0.2250276654958725
2026-05-04 12:00:00,27.649436950683594,1.0,0.6161458492279053,727.3546752929688,6.755359172821045,0.320842444896698
2026-05-04 13:00:00,27.299407958984375,1.0,0.6247959733009338,646.24609375,6.755528926849365,0.36005619168281555
2026-05-04 14:00:00,26.856367111206055,2.0,0.6519635915756226,547.0245361328125,6.7565741539001465,0.3309909999370575
2026-05-04 15:00:00,26.160432815551758,2.0,0.6885865330696106,424.1651306152344,6.756735324859619,0.21564356982707977
2026-05-04 16:00:00,25.447668075561523,2.0,0.7331403493881226,289.5577087402344,6.756371021270752,0.12680783867835999
2026-05-04 17:00:00,24.577293395996094,1.0,0.7813136577606201,165.02828979492188,6.756367206573486,0.09042835235595703
2026-05-04 18:00:00,23.817407608032227,0.0,0.8324232697486877,56.84820556640625,6.756548881530762,0.01727399043738842
2026-05-04 19:00:00,23.08355712890625,0.0,0.8753283023834229,1.4909957647323608,6.75662088394165,0.01453543920069933
2026-05-04 20:00:00,22.47284507751465,0.0,0.8900903463363647,3.6119062900543213,6.756414413452148,0.04413885995745659
2026-05-04 21:00:00,22.18134307861328,0.0,0.8971903324127197,18.400419235229492,6.756523132324219,0.06799556314945221
2026-05-04 22:00:00,21.655916213989258,0.0,0.9038273692131042,23.466840744018555,6.757128715515137,0.09343098104000092
2026-05-04 23:00:00,21.170637130737305,0.0,0.9137530326843262,22.854368209838867,6.757059574127197,0.08276872336864471
2026-05-05 00:00:00,20.896072387695312,0.0,0.9231922030448914,22.846433639526367,6.758785724639893,0.05345102772116661
2026-05-05 01:00:00,20.725557327270508,0.0,0.9295343160629272,15.464475631713867,6.758831977844238,0.04311661049723625
2026-05-05 02:00:00,20.405210494995117,0.0,0.9324036240577698,8.747739791870117,6.759269714355469,0.02163436822593212
2026-05-05 03:00:00,19.926332473754883,0.0,0.9345648884773254,19.944791793823242,6.759857177734375,0.037996526807546616
2026-05-05 04:00:00,19.3437442779541,0.0,0.9427000880241394,11.110868453979492,6.758985996246338,0.02596789412200451
2026-05-05 05:00:00,19.110916137695312,0.0,0.9388658404350281,-4.304276943206787,6.758724212646484,0.029755709692835808
2026-05-05 06:00:00,19.610877990722656,0.0,0.9218962788581848,14.05689811706543,6.759843826293945,0.021265072748064995
2026-05-05 07:00:00,21.159046173095703,0.0,0.8720523118972778,124.8241195678711,6.760387420654297,0.0066270059905946255
2026-05-05 08:00:00,23.43175506591797,0.0,0.7980366349220276,305.86328125,6.760175704956055,0.012686786241829395
2026-05-05 09:00:00,25.705934524536133,0.0,0.7145200371742249,530.5782470703125,6.7602081298828125,0.015655307099223137
2026-05-05 10:00:00,27.022247314453125,0.0,0.6538606882095337,675.0887451171875,6.759716987609863,0.06665846705436707
2026-05-05 11:00:00,27.539724349975586,1.0,0.6230414509773254,725.279541015625,6.760082244873047,0.21933291852474213
2026-05-05 12:00:00,27.488008499145508,1.0,0.613201379776001,711.6285400390625,6.759779453277588,0.3078683614730835
2026-05-05 13:00:00,27.265100479125977,1.0,0.6221247911453247,648.7816162109375,6.761084079742432,0.31401577591896057
2026-05-05 14:00:00,26.72571563720703,2.0,0.6441951394081116,546.85986328125,6.761946201324463,0.3223474323749542
2026-05-05 15:00:00,26.13806915283203,2.0,0.6815416812896729,435.8267517089844,6.76304292678833,0.2256941944360733
2026-05-05 16:00:00,25.432701110839844,1.0,0.7246049642562866,293.16949462890625,6.764129638671875,0.12930621206760406
2026-05-05 17:00:00,24.59593963623047,1.0,0.7731634974479675,148.96182250976562,6.764300346374512,0.03140881285071373
2026-05-05 18:00:00,23.504880905151367,0.0,0.8267189860343933,61.42039489746094,6.764268398284912,0.010355991311371326
2026-05-05 19:00:00,22.732053756713867,0.0,0.865276575088501,22.673795700073242,6.764204978942871,0.0126351835206151
2026-05-05 20:00:00,22.227676391601562,0.0,0.8827433586120605,9.186124801635742,6.763827323913574,0.04082434996962547
2026-05-05 21:00:00,21.814828872680664,0.0,0.8925692439079285,19.566694259643555,6.764368057250977,0.07910363376140594
2026-05-05 22:00:00,21.36329460144043,0.0,0.8971440196037292,-1.1705337762832642,6.764611721038818,0.09748567640781403
2026-05-05 23:00:00,21.1866512298584,0.0,0.9012852311134338,5.555922031402588,6.764976501464844,0.06368239223957062
2026-05-06 00:00:00,20.88201904296875,0.0,0.9161630868911743,22.628034591674805,6.765384674072266,0.060273345559835434
2026-05-06 01:00:00,20.773605346679688,0.0,0.9215554594993591,12.674314498901367,6.765637397766113,0.03822747990489006
2026-05-06 02:00:00,20.39872169494629,0.0,0.9221965074539185,9.674253463745117,6.765097141265869,0.03965502604842186
2026-05-06 03:00:00,19.860145568847656,0.0,0.926430344581604,24.616209030151367,6.7647786140441895,0.053665708750486374
2026-05-06 04:00:00,19.28571128845215,0.0,0.9352088570594788,2.331800699234009,6.764300346374512,0.06315575540065765
2026-05-06 05:00:00,19.224451065063477,0.0,0.9361662864685059,-3.5085160732269287,6.764937400817871,0.04162576422095299
2026-05-06 06:00:00,19.759138107299805,0.0,0.9216827750205994,22.392515182495117,6.765195369720459,0.03831059858202934
2026-05-06 07:00:00,21.102970123291016,0.0,0.8767490983009338,115.65956115722656,6.765312194824219,0.006074590142816305
2026-05-06 08:00:00,23.25565528869629,0.0,0.7973328232765198,294.3421325683594,6.7655229568481445,0.022309033200144768
2026-05-06 09:00:00,25.40176010131836,0.0,0.7189416289329529,504.3728942871094,6.765111446380615,0.050927769392728806
2026-05-06 10:00:00,26.694936752319336,1.0,0.6548425555229187,654.143310546875,6.765472412109375,0.12053771317005157
2026-05-06 11:00:00,27.333803176879883,1.0,0.6266899704933167,716.8180541992188,6.765963554382324,0.20985549688339233
2026-05-06 12:00:00,27.509187698364258,1.0,0.6247072219848633,692.2642211914062,6.7656354904174805,0.3201879560947418
2026-05-06 13:00:00,27.188949584960938,2.0,0.6378365755081177,616.1083984375,6.766500949859619,0.3582484722137451
2026-05-06 14:00:00,26.70306396484375,2.0,0.6563003063201904,529.6358642578125,6.766713619232178,0.34719640016555786
2026-05-06 15:00:00,25.97211456298828,2.0,0.6934800148010254,413.2012634277344,6.766526699066162,0.23579512536525726
2026-05-06 16:00:00,25.26150131225586,2.0,0.7366398572921753,270.1387634277344,6.766816139221191,0.1439993530511856
2026-05-06 17:00:00,24.473800659179688,2.0,0.7842114567756653,158.979736328125,6.767650604248047,0.059043046087026596
2026-05-06 18:00:00,23.698049545288086,2.0,0.8296882510185242,71.10591125488281,6.767888069152832,0.004351017531007528
2026-05-06 19:00:00,22.983564376831055,2.0,0.8707654476165771,18.532072067260742,6.767927646636963,-0.0032108300365507603
2026-05-06 20:00:00,22.56051254272461,2.0,0.8902585506439209,-3.2921159267425537,6.767420291900635,0.003803280647844076
2026-05-06 21:00:00,22.31048011779785,2.0,0.888355016708374,-7.186830043792725,6.767805576324463,0.039390962570905685
2026-05-06 22:00:00,21.677230834960938,2.0,0.8900219798088074,-21.765581130981445,6.768313884735107,0.0756894201040268
2026-05-06 23:00:00,21.36602783203125,2.0,0.8945522904396057,-29.90757942199707,6.768224716186523,0.09459741413593292
2026-05-07 00:00:00,21.12017250061035,2.0,0.9082644581794739,-9.797700881958008,6.768099308013916,0.06313355267047882
2026-05-07 01:00:00,20.9351749420166,0.0,0.9156006574630737,-11.459733963012695,6.768556594848633,0.0598188154399395
2026-05-07 02:00:00,20.60447120666504,0.0,0.9202341437339783,16.990720748901367,6.768263339996338,0.05680854246020317
2026-05-07 03:00:00,20.017030715942383,0.0,0.9210371971130371,27.155881881713867,6.768750190734863,0.030765173956751823
2026-05-07 04:00:00,19.59075355529785,0.0,0.9331872463226318,14.370603561401367,6.768942356109619,0.04658978804945946
2026-05-07 05:00:00,19.494659423828125,0.0,0.9343754649162292,-1.6571518182754517,6.7693023681640625,0.033942144364118576
2026-05-07 06:00:00,19.90852928161621,0.0,0.920452892780304,15.412717819213867,6.77023458480835,0.005332557018846273
2026-05-07 07:00:00,21.359834671020508,0.0,0.8732997179031372,111.72506713867188,6.770676136016846,0.002633658703416586
2026-05-07 08:00:00,23.551441192626953,0.0,0.8006940484046936,294.8531188964844,6.771005630493164,0.02519361488521099
2026-05-07 09:00:00,25.7786922454834,0.0,0.7181942462921143,505.07489013671875,6.77034330368042,0.09807488322257996
2026-05-07 10:00:00,27.17281150817871,1.0,0.6575653553009033,645.9341430664062,6.77036190032959,0.1453755497932434
2026-05-07 11:00:00,27.583364486694336,2.0,0.6300501227378845,703.69580078125,6.7697248458862305,0.2757011950016022
2026-05-07 12:00:00,27.661270141601562,2.0,0.622265636920929,698.0338745117188,6.769198417663574,0.33124786615371704
2026-05-07 13:00:00,27.37508773803711,2.0,0.6363698244094849,630.8062744140625,6.768374443054199,0.37677475810050964
2026-05-07 14:00:00,26.854049682617188,2.0,0.6600220203399658,521.1958618164062,6.768491268157959,0.3266080319881439
2026-05-07 15:00:00,25.998401641845703,2.0,0.6966697573661804,402.8783264160156,6.769169807434082,0.24513284862041473
2026-05-07 16:00:00,25.394845962524414,2.0,0.7404324412345886,275.7994079589844,6.769568920135498,0.15869805216789246
2026-05-07 17:00:00,24.58718490600586,2.0,0.788383424282074,166.38523864746094,6.769708156585693,0.08460383117198944
2026-05-07 18:00:00,23.687820434570312,2.0,0.8317632079124451,63.47080993652344,6.769801139831543,0.024430884048342705
2026-05-07 19:00:00,22.9585018157959,2.0,0.8677405118942261,6.855696201324463,6.76898717880249,0.00883070845156908
2026-05-07 20:00:00,22.655717849731445,2.0,0.8902353048324585,2.525221109390259,6.769701957702637,0.025674713775515556
2026-05-07 21:00:00,22.340497970581055,2.0,0.8942131400108337,-14.556123733520508,6.769597053527832,0.0840848833322525
2026-05-07 22:00:00,21.941051483154297,2.0,0.8967370390892029,-2.3947160243988037,6.770019054412842,0.11370691657066345
2026-05-07 23:00:00,21.542503356933594,2.0,0.8995445966720581,-13.749162673950195,6.770030975341797,0.10124462842941284
2026-05-08 00:00:00,21.215028762817383,2.0,0.9029126763343811,-4.855531215667725,6.770083427429199,0.1071884036064148
2026-05-08 01:00:00,21.03358268737793,0.0,0.9089076519012451,-8.650102615356445,6.77040433883667,0.05926595255732536
2026-05-08 02:00:00,20.58084487915039,0.0,0.9101994633674622,9.035581588745117,6.770086288452148,0.032356228679418564
2026-05-08 03:00:00,19.908964157104492,0.0,0.9182355403900146,20.76814079284668,6.7698516845703125,0.0647912472486496
2026-05-08 04:00:00,19.464828491210938,0.0,0.925586998462677,7.944563388824463,6.768889904022217,0.06925536692142487
2026-05-08 05:00:00,19.319576263427734,0.0,0.9292596578598022,-6.530412197113037,6.768925189971924,0.0586397759616375
2026-05-08 06:00:00,19.901691436767578,0.0,0.9151671528816223,18.235700607299805,6.769072532653809,0.04389647766947746
2026-05-08 07:00:00,21.41254234313965,0.0,0.8734049201011658,114.94376373291016,6.768405437469482,0.02632477693259716
2026-05-08 08:00:00,23.523893356323242,0.0,0.8052006959915161,287.12567138671875,6.7685747146606445,-0.005489068571478128
2026-05-08 09:00:00,25.74629783630371,0.0,0.7308300733566284,475.4332580566406,6.767758846282959,0.05693058297038078
2026-05-08 10:00:00,27.12792205810547,1.0,0.6682756543159485,621.626220703125,6.768085479736328,0.11712537705898285
2026-05-08 11:00:00,27.76849937438965,1.0,0.6318992972373962,676.1907958984375,6.768599033355713,0.18545688688755035
2026-05-08 12:00:00,27.677688598632812,2.0,0.6253123879432678,658.1690673828125,6.767928123474121,0.302907794713974
2026-05-08 13:00:00,27.47564125061035,2.0,0.6310049295425415,614.1405029296875,6.768516540527344,0.31904253363609314
2026-05-08 14:00:00,27.02073097229004,2.0,0.657350480556488,526.9849243164062,6.768400192260742,0.3197004795074463
2026-05-08 15:00:00,26.113351821899414,2.0,0.693448007106781,420.1015319824219,6.768107891082764,0.22698728740215302
2026-05-08 16:00:00,25.41086196899414,2.0,0.7311649918556213,286.93890380859375,6.768225193023682,0.1311589926481247
2026-05-08 17:00:00,24.537151336669922,2.0,0.7808050513267517,142.54396057128906,6.768429279327393,0.05454706773161888
2026-05-08 18:00:00,23.687225341796875,2.0,0.8303250074386597,40.485687255859375,6.768970966339111,0.028266070410609245
2026-05-08 19:00:00,23.078744888305664,2.0,0.8673437833786011,-6.842057704925537,6.768884658813477,0.03291083499789238
2026-05-08 20:00:00,22.694425582885742,2.0,0.8870946168899536,-6.031816005706787,6.768913269042969,0.04450560733675957
2026-05-08 21:00:00,22.37423324584961,2.0,0.893993616104126,-20.373125076293945,6.768885135650635,0.06902211904525757
2026-05-08 22:00:00,21.956594467163086,2.0,0.8917021155357361,-15.871614456176758,6.769205093383789,0.0606234185397625
2026-05-08 23:00:00,21.617589950561523,2.0,0.897222638130188,-4.03451681137085,6.7694315910339355,0.07823047041893005
2026-05-09 00:00:00,21.22915267944336,0.0,0.9061511754989624,6.00198221206665,6.769586086273193,0.05134036764502525
2026-05-09 01:00:00,21.086336135864258,0.0,0.9133094549179077,12.662229537963867,6.769309997558594,0.0220553707331419
2026-05-09 02:00:00,20.720932006835938,0.0,0.9152007102966309,9.432950973510742,6.76905632019043,0.04078375920653343
2026-05-09 03:00:00,20.12419891357422,0.0,0.9199718236923218,26.337675094604492,6.768973350524902,0.02996077947318554
2026-05-09 04:00:00,19.68868637084961,0.0,0.9297686815261841,11.13453483581543,6.76857328414917,0.04779663309454918
2026-05-09 05:00:00,19.376615524291992,0.0,0.9317376613616943,-5.050065517425537,6.767733097076416,0.038644444197416306
2026-05-09 06:00:00,19.74281883239746,0.0,0.9162343740463257,7.480482578277588,6.768388748168945,0.02676345221698284
2026-05-09 07:00:00,20.963764190673828,0.0,0.870487630367279,106.79205322265625,6.768052577972412,0.030920444056391716
2026-05-09 08:00:00,23.18413734436035,0.0,0.7982509136199951,290.11273193359375,6.76816463470459,0.0647619366645813
2026-05-09 09:00:00,25.42365074157715,0.0,0.7193397879600525,497.3869323730469,6.768725395202637,0.07360374927520752
2026-05-09 10:00:00,26.86838722229004,1.0,0.6579227447509766,650.7088012695312,6.768887519836426,0.14265121519565582
2026-05-09 11:00:00,27.470069885253906,1.0,0.6257019639015198,704.7430419921875,6.768465042114258,0.27203047275543213
2026-05-09 12:00:00,27.498186111450195,1.0,0.6232017874717712,678.9168090820312,6.768627643585205,0.282603919506073
2026-05-09 13:00:00,27.331077575683594,2.0,0.6345497965812683,607.090087890625,6.7688164710998535,0.29348984360694885
2026-05-09 14:00:00,26.787960052490234,2.0,0.6529210805892944,489.52764892578125,6.768840312957764,0.27107322216033936
2026-05-09 15:00:00,26.11613655090332,2.0,0.6863483786582947,394.91851806640625,6.769191741943359,0.2014426440000534
2026-05-09 16:00:00,25.366291046142578,1.0,0.7241299748420715,249.60739135742188,6.769372463226318,0.11964264512062073
2026-05-09 17:00:00,24.5311279296875,1.0,0.7741393446922302,128.7350616455078,6.768892765045166,0.06497825682163239
2026-05-09 18:00:00,23.74305534362793,1.0,0.8271773457527161,50.703094482421875,6.7685723304748535,0.04934179410338402
2026-05-09 19:00:00,23.16053581237793,1.0,0.8586384654045105,12.15357780456543,6.767813682556152,0.011190501041710377
2026-05-09 20:00:00,22.578582763671875,1.0,0.8730462193489075,9.377866744995117,6.768688201904297,0.015540790744125843
2026-05-09 21:00:00,22.200815200805664,2.0,0.8798514604568481,6.20059061050415,6.768540859222412,0.032549794763326645
2026-05-09 22:00:00,21.86737060546875,2.0,0.8881867527961731,15.634275436401367,6.768342971801758,0.08068378269672394
2026-05-09 23:00:00,21.423585891723633,2.0,0.8924488425254822,12.25269889831543,6.768453121185303,0.08080253005027771
2026-05-10 00:00:00,21.020954132080078,2.0,0.9011024832725525,5.188704013824463,6.76872444152832,0.053984832018613815
2026-05-10 01:00:00,20.774198532104492,0.0,0.9035791158676147,6.14431619644165,6.769577980041504,0.04095166549086571
2026-05-10 02:00:00,20.486948013305664,0.0,0.9125248789787292,24.958295822143555,6.769656658172607,0.027141762897372246
2026-05-10 03:00:00,19.869781494140625,0.0,0.9216512441635132,20.865339279174805,6.769565582275391,0.03531002625823021
2026-05-10 04:00:00,19.299348831176758,0.0,0.9325379729270935,19.53108024597168,6.769826412200928,0.025264961645007133
2026-05-10 05:00:00,19.267169952392578,0.0,0.9319454431533813,-8.168001174926758,6.769586086273193,0.03859799727797508
2026-05-10 06:00:00,19.71824073791504,0.0,0.9164590239524841,11.701658248901367,6.769678592681885,0.003738356288522482
2026-05-10 07:00:00,21.035547256469727,0.0,0.8697891235351562,99.27306365966797,6.770112037658691,0.010100883431732655
2026-05-10 08:00:00,23.055295944213867,0.0,0.7984155416488647,285.16754150390625,6.77011775970459,0.020910246297717094
2026-05-10 09:00:00,25.186012268066406,0.0,0.7204778790473938,497.8768615722656,6.770516872406006,0.06687839329242706
2026-05-10 10:00:00,26.670516967773438,1.0,0.6622110605239868,644.3948364257812,6.770508766174316,0.20695947110652924
2026-05-10 11:00:00,27.35984230041504,1.0,0.6274850368499756,701.9321899414062,6.770690441131592,0.2614821791648865
2026-05-10 12:00:00,27.582448959350586,1.0,0.6233404278755188,688.8204345703125,6.770785808563232,0.30360570549964905
2026-05-10 13:00:00,27.328500747680664,2.0,0.6361098289489746,584.3450317382812,6.770723342895508,0.3197115659713745
2026-05-10 14:00:00,26.90457534790039,2.0,0.6602659225463867,510.9608154296875,6.770373344421387,0.3482920527458191
2026-05-10 15:00:00,26.30194854736328,1.0,0.6892678737640381,411.1392517089844,6.770610332489014,0.27567940950393677
2026-05-10 16:00:00,25.482624053955078,1.0,0.7312305569648743,282.76251220703125,6.770310878753662,0.13758796453475952
2026-05-10 17:00:00,24.607080459594727,1.0,0.779825747013092,144.70205688476562,6.770772933959961,0.1094990223646164
2026-05-10 18:00:00,23.59265899658203,1.0,0.8268626928329468,61.71099853515625,6.769912242889404,0.0383773110806942
2026-05-10 19:00:00,22.940876007080078,1.0,0.8591916561126709,13.186155319213867,6.770065784454346,0.045717161148786545
2026-05-10 20:00:00,22.479583740234375,0.0,0.8776796460151672,16.843671798706055,6.770099639892578,0.07211001217365265
2026-05-10 21:00:00,22.089818954467773,0.0,0.8853391408920288,18.097471237182617,6.7701849937438965,0.09907883405685425
2026-05-10 22:00:00,21.753690719604492,0.0,0.8890320062637329,9.271574020385742,6.770026206970215,0.09808315336704254
2026-05-10 23:00:00,21.2780818939209,1.0,0.8965856432914734,16.235746383666992,6.770687103271484,0.10273393988609314
2026-05-11 00:00:00,21.044963836669922,0.0,0.9061502814292908,15.44379997253418,6.770939350128174,0.09276212751865387
2026-05-11 01:00:00,20.816089630126953,0.0,0.9100931286811829,20.95423698425293,6.770809173583984,0.07570944726467133
2026-05-11 02:00:00,20.413257598876953,1.0,0.9133482575416565,23.54652214050293,6.771597862243652,0.1187562346458435
2026-05-11 03:00:00,19.769201278686523,0.0,0.9231165051460266,10.296506881713867,6.771424293518066,0.0889303982257843
2026-05-11 04:00:00,19.344375610351562,0.0,0.9367467761039734,-3.1296098232269287,6.771447658538818,0.06909191608428955
2026-05-11 05:00:00,19.23712921142578,0.0,0.9338212013244629,-17.57902717590332,6.770673751831055,0.06861327588558197
2026-05-11 06:00:00,19.669721603393555,0.0,0.9192783236503601,2.666364908218384,6.77107572555542,0.02942734770476818
2026-05-11 07:00:00,21.201805114746094,0.0,0.8725446462631226,103.52790832519531,6.771470546722412,-0.022550659254193306
2026-05-11 08:00:00,23.30725860595703,0.0,0.8028301000595093,296.593994140625,6.772556304931641,0.030571145936846733
2026-05-11 09:00:00,25.519123077392578,0.0,0.7258858680725098,501.1524658203125,6.772799491882324,0.09432671964168549
2026-05-11 10:00:00,26.941726684570312,1.0,0.6638991832733154,664.7183227539062,6.772511005401611,0.13511671125888824
2026-05-11 11:00:00,27.662132263183594,1.0,0.6331313252449036,715.408203125,6.772472381591797,0.20918229222297668
2026-05-11 12:00:00,27.742326736450195,1.0,0.6231852173805237,695.1871948242188,6.772388935089111,0.264522522687912
2026-05-11 13:00:00,27.407228469848633,1.0,0.6279407739639282,592.880859375,6.772550582885742,0.33771488070487976
2026-05-11 14:00:00,27.00665283203125,1.0,0.6528124213218689,494.0095520019531,6.772079944610596,0.3430038094520569
2026-05-11 15:00:00,26.267223358154297,2.0,0.6867921948432922,396.53729248046875,6.77292013168335,0.2693522572517395
2026-05-11 16:00:00,25.489011764526367,1.0,0.7336202263832092,266.8341064453125,6.7726054191589355,0.17050117254257202
2026-05-11 17:00:00,24.7460994720459,1.0,0.7852194309234619,143.7198944091797,6.773067474365234,0.09874266386032104
2026-05-11 18:00:00,23.953550338745117,1.0,0.8330709934234619,46.046051025390625,6.773187637329102,0.05903339013457298
2026-05-11 19:00:00,23.184865951538086,0.0,0.8667638897895813,12.715375900268555,6.773102283477783,0.018525032326579094
2026-05-11 20:00:00,22.595977783203125,1.0,0.8878175616264343,16.655637741088867,6.772614002227783,0.04626184329390526
2026-05-11 21:00:00,22.288522720336914,0.0,0.8986255526542664,9.895002365112305,6.7727437019348145,0.03294647857546806
2026-05-11 22:00:00,21.859210968017578,0.0,0.9053826332092285,25.95057487487793,6.773200988769531,0.06367291510105133
2026-05-11 23:00:00,21.336181640625,0.0,0.9120858311653137,31.614973068237305,6.773319244384766,0.09257426857948303
2026-05-12 00:00:00,21.130388259887695,0.0,0.9221691489219666,27.561674118041992,6.772790908813477,0.032191645354032516
2026-05-12 01:00:00,20.84312629699707,0.0,0.9318609833717346,12.341276168823242,6.772765636444092,0.05521325394511223
2026-05-12 02:00:00,20.45309066772461,0.0,0.9287513494491577,24.696317672729492,6.772928714752197,0.032544445246458054
2026-05-12 03:00:00,19.92377471923828,0.0,0.9339281320571899,35.613983154296875,6.77318811416626,0.07608769834041595
2026-05-12 04:00:00,19.390926361083984,0.0,0.9433233141899109,21.48634147644043,6.773065090179443,0.06487888097763062
2026-05-12 05:00:00,19.244972229003906,0.0,0.9439817667007446,-9.27665901184082,6.772660732269287,0.04364722594618797
2026-05-12 06:00:00,19.781944274902344,0.0,0.9263626337051392,19.115644454956055,6.77294397354126,0.025988293811678886
2026-05-12 07:00:00,21.268463134765625,0.0,0.8789602518081665,124.35322570800781,6.773344993591309,0.04312683269381523
2026-05-12 08:00:00,23.397428512573242,0.0,0.8069854378700256,311.8284912109375,6.773273944854736,0.029855890199542046
2026-05-12 09:00:00,25.542593002319336,0.0,0.7315483689308167,509.8223571777344,6.77341365814209,0.07687170803546906
2026-05-12 10:00:00,26.89569664001465,0.0,0.6719899773597717,661.3663330078125,6.774068832397461,0.09851610660552979
2026-05-12 11:00:00,27.479843139648438,1.0,0.6415470838546753,712.3923950195312,6.774063587188721,0.2408536821603775
2026-05-12 12:00:00,27.6087646484375,1.0,0.6349604725837708,669.879150390625,6.773857593536377,0.3162342607975006
2026-05-12 13:00:00,27.314167022705078,2.0,0.6435809135437012,597.617431640625,6.77360200881958,0.35627612471580505
2026-05-12 14:00:00,26.945066452026367,2.0,0.6634067296981812,510.88690185546875,6.773169040679932,0.33618220686912537
2026-05-12 15:00:00,26.21934700012207,2.0,0.6947422027587891,405.710205078125,6.772246837615967,0.2692395746707916
2026-05-12 16:00:00,25.3726749420166,1.0,0.7418348789215088,285.1866455078125,6.772706508636475,0.1685670167207718
2026-05-12 17:00:00,24.513835906982422,1.0,0.7917706966400146,164.37319946289062,6.772617340087891,0.07962417602539062
2026-05-12 18:00:00,23.685489654541016,1.0,0.8466997742652893,65.890625,6.772918701171875,0.030944092199206352
2026-05-12 19:00:00,22.973709106445312,0.0,0.8815865516662598,14.492780685424805,6.773523807525635,0.02459677867591381
2026-05-12 20:00:00,22.67559814453125,0.0,0.8926013112068176,13.636381149291992,6.773426055908203,0.04093466326594353
2026-05-12 21:00:00,22.4588623046875,0.0,0.9009383320808411,3.2724897861480713,6.772424697875977,0.05110923573374748
2026-05-12 22:00:00,22.040834426879883,0.0,0.9024437069892883,-10.382478713989258,6.772467613220215,0.0877799242734909
2026-05-12 23:00:00,21.50591468811035,0.0,0.9069122076034546,-3.580705404281616,6.773414134979248,0.09058462083339691
2026-05-13 00:00:00,21.180591583251953,0.0,0.9134059548377991,-1.6764999628067017,6.773899078369141,0.07765930891036987
2026-05-13 01:00:00,21.042896270751953,0.0,0.9214913249015808,4.237745761871338,6.774181365966797,0.0637662261724472
2026-05-13 02:00:00,20.57680320739746,0.0,0.9242234230041504,19.83570671081543,6.773980140686035,0.06617856025695801
2026-05-13 03:00:00,19.898151397705078,0.0,0.9303569197654724,32.346832275390625,6.77456521987915,0.029154254123568535
2026-05-13 04:00:00,19.40867805480957,0.0,0.9370128512382507,27.517927169799805,6.774786949157715,0.0444304458796978
2026-05-13 05:00:00,19.320293426513672,0.0,0.9430903792381287,11.904523849487305,6.774219989776611,0.03461634740233421
2026-05-13 06:00:00,19.83595848083496,0.0,0.9262183308601379,28.172956466674805,6.7747802734375,0.061651211231946945
2026-05-13 07:00:00,21.242950439453125,0.0,0.8798568248748779,119.34158325195312,6.775008201599121,0.01645415835082531
2026-05-13 08:00:00,23.433292388916016,0.0,0.8107764720916748,281.46087646484375,6.7756853103637695,0.04859095439314842
2026-05-13 09:00:00,25.613801956176758,0.0,0.7356836795806885,484.7394714355469,6.776021480560303,0.0790722668170929
2026-05-13 10:00:00,27.052661895751953,1.0,0.6759769916534424,629.2111206054688,6.776264667510986,0.16374938189983368
2026-05-13 11:00:00,27.674345016479492,1.0,0.642011821269989,663.287109375,6.776730060577393,0.20804770290851593
2026-05-13 12:00:00,27.668994903564453,2.0,0.6360927224159241,647.26953125,6.777190685272217,0.2523573637008667
2026-05-13 13:00:00,27.512916564941406,2.0,0.6448449492454529,580.5065307617188,6.777089595794678,0.3176679015159607
2026-05-13 14:00:00,26.934598922729492,2.0,0.6613943576812744,503.9789733886719,6.777265548706055,0.3160824775695801
2026-05-13 15:00:00,26.19333267211914,2.0,0.7008201479911804,392.6675109863281,6.7771525382995605,0.20919568836688995
2026-05-13 16:00:00,25.440975189208984,2.0,0.7471290230751038,268.2540283203125,6.777710437774658,0.09840193390846252
2026-05-13 17:00:00,24.656524658203125,2.0,0.7936628460884094,144.4331512451172,6.777961254119873,0.04444108530879021
2026-05-13 18:00:00,23.782119750976562,1.0,0.8436887264251709,64.04795837402344,6.778087139129639,-0.0051600211299955845
2026-05-13 19:00:00,23.105451583862305,1.0,0.8777529001235962,27.37867546081543,6.778746128082275,0.02396705560386181
2026-05-13 20:00:00,22.529216766357422,1.0,0.89275723695755,27.11622428894043,6.779062271118164,0.03866076096892357
2026-05-13 21:00:00,22.254364013671875,2.0,0.9019888639450073,32.669189453125,6.77991247177124,0.06137501820921898
2026-05-13 22:00:00,21.805803298950195,2.0,0.899711549282074,15.53950309753418,6.779881954193115,0.07527026534080505
2026-05-13 23:00:00,21.367233276367188,1.0,0.9062929153442383,-3.1434342861175537,6.780500411987305,0.1081007719039917
2026-05-14 00:00:00,20.98874282836914,0.0,0.9073989391326904,3.8431990146636963,6.780093669891357,0.09552904963493347
2026-05-14 01:00:00,20.77861785888672,0.0,0.9129762053489685,7.661558628082275,6.779967784881592,0.0651806890964508
2026-05-14 02:00:00,20.200170516967773,0.0,0.9088259935379028,20.504514694213867,6.779397487640381,0.051162239164114
2026-05-14 03:00:00,19.737281799316406,0.0,0.913597822189331,23.495649337768555,6.779815673828125,0.07014188170433044
2026-05-14 04:00:00,19.368301391601562,0.0,0.9226415753364563,19.38398551940918,6.780327796936035,0.07421796023845673
2026-05-14 05:00:00,19.167133331298828,0.0,0.9234831929206848,6.266279697418213,6.780218124389648,0.048214416950941086
2026-05-14 06:00:00,19.80133628845215,0.0,0.9090043306350708,23.740598678588867,6.780357360839844,0.05035724863409996
2026-05-14 07:00:00,21.182727813720703,0.0,0.8687189817428589,118.13877868652344,6.7810378074646,0.04632454738020897
2026-05-14 08:00:00,23.2862548828125,0.0,0.7902821898460388,296.5443115234375,6.781431198120117,0.03627366945147514
2026-05-14 09:00:00,25.47293472290039,0.0,0.7177478075027466,487.2402038574219,6.781639099121094,0.06583854556083679
2026-05-14 10:00:00,27.008800506591797,1.0,0.6614705324172974,632.479248046875,6.781387805938721,0.12067461013793945
2026-05-14 11:00:00,27.444778442382812,1.0,0.6345221996307373,694.6246948242188,6.781775951385498,0.17452706396579742
2026-05-14 12:00:00,27.687089920043945,1.0,0.634175717830658,690.9916381835938,6.781979560852051,0.28093159198760986
2026-05-14 13:00:00,27.33342742919922,2.0,0.6406795382499695,619.4620361328125,6.781920909881592,0.3055332899093628
2026-05-14 14:00:00,26.911865234375,2.0,0.6561936140060425,523.595458984375,6.78184175491333,0.3177507817745209
2026-05-14 15:00:00,26.17073631286621,2.0,0.6933090686798096,391.63677978515625,6.781061172485352,0.2679818570613861
2026-05-14 16:00:00,25.451316833496094,2.0,0.7435073256492615,255.15093994140625,6.780568599700928,0.15364471077919006
2026-05-14 17:00:00,24.584854125976562,2.0,0.7879029512405396,155.9075469970703,6.781445503234863,0.07203161716461182
2026-05-14 18:00:00,23.685340881347656,2.0,0.8405128121376038,72.34072875976562,6.781749248504639,0.054525863379240036
2026-05-14 19:00:00,22.900575637817383,1.0,0.872097373008728,36.25927734375,6.781270503997803,0.021086527034640312
2026-05-14 20:00:00,22.384265899658203,1.0,0.8870375156402588,28.852415084838867,6.781320095062256,0.016021234914660454
2026-05-14 21:00:00,21.977279663085938,0.0,0.8927825093269348,21.410978317260742,6.781192779541016,0.07306095957756042
2026-05-14 22:00:00,21.498146057128906,1.0,0.897654116153717,34.86796569824219,6.781288146972656,0.10060200095176697
2026-05-14 23:00:00,21.08680534362793,0.0,0.9007717370986938,21.844663619995117,6.78153133392334,0.0868854969739914
2026-05-15 00:00:00,20.795883178710938,0.0,0.9071228504180908,11.202131271362305,6.781029224395752,0.08170363306999207
2026-05-15 01:00:00,20.716014862060547,0.0,0.9170091152191162,6.662886142730713,6.781174182891846,0.06366938352584839
2026-05-15 02:00:00,20.306190490722656,0.0,0.9187209010124207,18.251874923706055,6.781319618225098,0.07466456294059753
2026-05-15 03:00:00,19.712221145629883,0.0,0.9241281151771545,41.00154113769531,6.781396865844727,0.04210205003619194
2026-05-15 04:00:00,19.33730697631836,0.0,0.930851936340332,31.57935905456543,6.781320571899414,0.044516172260046005
2026-05-15 05:00:00,19.243732452392578,0.0,0.9310373663902283,13.123868942260742,6.781336307525635,0.0431833378970623
2026-05-15 06:00:00,19.80927085876465,0.0,0.9120849370956421,18.486204147338867,6.7811689376831055,0.03700600191950798
2026-05-15 07:00:00,21.207380294799805,0.0,0.8702791929244995,108.6477279663086,6.781342506408691,0.03242902085185051
2026-05-15 08:00:00,23.316017150878906,0.0,0.804263174533844,290.617431640625,6.781522274017334,0.02886529080569744
2026-05-15 09:00:00,25.508134841918945,0.0,0.7272375226020813,486.35711669921875,6.781120300292969,0.059057366102933884
2026-05-15 10:00:00,27.07985496520996,1.0,0.6673246622085571,659.8632202148438,6.781352996826172,0.14857524633407593
2026-05-15 11:00:00,27.620512008666992,1.0,0.6341677904129028,723.4035034179688,6.781297206878662,0.19201257824897766
2026-05-15 12:00:00,27.759685516357422,1.0,0.6303345561027527,697.4932861328125,6.781874656677246,0.2744186222553253
2026-05-15 13:00:00,27.457542419433594,2.0,0.6313890814781189,606.4387817382812,6.782024383544922,0.3231900632381439
2026-05-15 14:00:00,27.049196243286133,2.0,0.6525135040283203,501.87554931640625,6.782050132751465,0.31634387373924255
2026-05-15 15:00:00,26.342876434326172,2.0,0.6865102052688599,402.6868591308594,6.782179355621338,0.20816849172115326
2026-05-15 16:00:00,25.6083984375,2.0,0.7304090261459351,280.3499755859375,6.782662391662598,0.13177624344825745
2026-05-15 17:00:00,24.709177017211914,2.0,0.775031566619873,151.1181182861328,6.782179832458496,0.0944918841123581
2026-05-15 18:00:00,23.7110595703125,1.0,0.8286988139152527,59.173553466796875,6.781700611114502,0.02782931737601757
2026-05-15 19:00:00,22.86210060119629,1.0,0.867469072341919,18.25691032409668,6.781266689300537,0.04487050697207451
2026-05-15 20:00:00,22.438840866088867,1.0,0.8880077600479126,16.403257369995117,6.78120231628418,0.05038173124194145
2026-05-15 21:00:00,22.029090881347656,0.0,0.8928563594818115,17.524641036987305,6.7810163497924805,0.07970082759857178
2026-05-15 22:00:00,21.5703182220459,1.0,0.9002265334129333,17.545820236206055,6.781064987182617,0.11566077172756195
2026-05-15 23:00:00,21.238693237304688,1.0,0.9071064591407776,14.825834274291992,6.781403064727783,0.10506051778793335
2026-05-16 00:00:00,20.99884796142578,0.0,0.9168401956558228,12.21461296081543,6.781615734100342,0.07814410328865051
2026-05-16 01:00:00,20.841751098632812,0.0,0.9244798421859741,13.32252311706543,6.781473159790039,0.048229705542325974
2026-05-16 02:00:00,20.448875427246094,0.0,0.923768937587738,33.32551574707031,6.7817063331604,0.06117507442831993
2026-05-16 03:00:00,19.83197784423828,0.0,0.9303206205368042,47.782196044921875,6.781811237335205,0.02112044207751751
2026-05-16 04:00:00,19.2808895111084,0.0,0.9379075169563293,29.298429489135742,6.781928539276123,0.0253657978028059
2026-05-16 05:00:00,19.168399810791016,0.0,0.9360485672950745,7.03042459487915,6.7818803787231445,0.02291610650718212
2026-05-16 06:00:00,19.76953125,0.0,0.9187854528427124,25.741865158081055,6.781778812408447,0.0400535874068737
2026-05-16 07:00:00,21.230470657348633,0.0,0.8728207945823669,124.4365463256836,6.781796932220459,0.038043778389692307
2026-05-16 08:00:00,23.46795082092285,0.0,0.8023350834846497,289.88494873046875,6.7811431884765625,0.04393048211932182
2026-05-16 09:00:00,25.70348358154297,0.0,0.7293400168418884,482.6692810058594,6.781391620635986,0.07012967765331268
2026-05-16 10:00:00,27.02166175842285,1.0,0.6705793142318726,639.3154907226562,6.781440734863281,0.1130150556564331
2026-05-16 11:00:00,27.615453720092773,1.0,0.6377401351928711,708.6202392578125,6.781569957733154,0.2031448930501938
2026-05-16 12:00:00,27.76485824584961,1.0,0.6251882314682007,688.3969116210938,6.781679630279541,0.2536481022834778
2026-05-16 13:00:00,27.53265953063965,2.0,0.634212851524353,615.5928344726562,6.780954360961914,0.26596057415008545
2026-05-16 14:00:00,27.02477264404297,2.0,0.6499872207641602,518.1605224609375,6.780597686767578,0.2876054346561432
2026-05-16 15:00:00,26.368040084838867,2.0,0.6855161786079407,397.25299072265625,6.780624866485596,0.22523349523544312
2026-05-16 16:00:00,25.61307144165039,2.0,0.7302146553993225,267.4842529296875,6.780844688415527,0.1254200041294098
2026-05-16 17:00:00,24.68781089782715,1.0,0.7833011746406555,145.69923400878906,6.780919075012207,0.06575503945350647
2026-05-16 18:00:00,23.760957717895508,1.0,0.8304305672645569,31.547971725463867,6.781840801239014,0.036307331174612045
2026-05-16 19:00:00,22.9460506439209,0.0,0.8633536100387573,-15.426057815551758,6.781742572784424,0.03403432294726372
2026-05-16 20:00:00,22.544858932495117,0.0,0.8823241591453552,-7.965928554534912,6.781765937805176,0.0652058869600296
2026-05-16 21:00:00,22.192995071411133,0.0,0.8916133642196655,4.431715488433838,6.78146505355835,0.06988650560379028
2026-05-16 22:00:00,21.768510818481445,0.0,0.8937997221946716,9.555997848510742,6.781432628631592,0.09389951825141907
2026-05-16 23:00:00,21.530799865722656,1.0,0.9011817574501038,5.196241855621338,6.781450271606445,0.12033429741859436
2026-05-17 00:00:00,21.091533660888672,0.0,0.9075226187705994,8.085203170776367,6.780836582183838,0.09192627668380737
2026-05-17 01:00:00,20.87076187133789,0.0,0.9185460805892944,14.59754753112793,6.781265735626221,0.06408827006816864
2026-05-17 02:00:00,20.50177574157715,0.0,0.9201334714889526,22.329984664916992,6.7807183265686035,0.03785693272948265
2026-05-17 03:00:00,19.87860679626465,0.0,0.9262638688087463,32.20880126953125,6.780829429626465,0.04709656164050102
2026-05-17 04:00:00,19.38176918029785,0.0,0.9328234195709229,23.429716110229492,6.780519008636475,0.059120964258909225
2026-05-17 05:00:00,19.24810028076172,0.0,0.9336320161819458,15.911420822143555,6.780534744262695,0.04565627500414848
2026-05-17 06:00:00,19.746532440185547,0.0,0.9102434515953064,37.82185363769531,6.780887126922607,0.03924025222659111
2026-05-17 07:00:00,21.1055850982666,0.0,0.8665411472320557,122.21343994140625,6.781064987182617,0.03900760039687157
2026-05-17 08:00:00,23.302001953125,0.0,0.7961235642433167,307.8478088378906,6.780951976776123,0.02192660979926586
2026-05-17 09:00:00,25.500370025634766,0.0,0.7203420996665955,504.6082763671875,6.7805705070495605,0.0602261982858181
2026-05-17 10:00:00,26.868370056152344,0.0,0.6625531315803528,655.5844116210938,6.780689239501953,0.0978269875049591
2026-05-17 11:00:00,27.5344295501709,1.0,0.6284642219543457,707.267822265625,6.780618190765381,0.174870103597641
2026-05-17 12:00:00,27.587236404418945,1.0,0.6203281283378601,696.2113647460938,6.780010223388672,0.273353636264801
2026-05-17 13:00:00,27.507497787475586,2.0,0.6280044913291931,620.9613647460938,6.779885768890381,0.24978666007518768
2026-05-17 14:00:00,26.975805282592773,2.0,0.6516404747962952,517.2506103515625,6.780091285705566,0.24841387569904327
2026-05-17 15:00:00,26.213970184326172,2.0,0.6902336478233337,422.4050598144531,6.779839992523193,0.2153947949409485
2026-05-17 16:00:00,25.438295364379883,2.0,0.7373861074447632,277.8382263183594,6.780162811279297,0.16689735651016235
2026-05-17 17:00:00,24.574634552001953,2.0,0.7866578102111816,165.04551696777344,6.7794599533081055,0.10256950557231903
2026-05-17 18:00:00,23.64084243774414,1.0,0.8368999361991882,68.58050537109375,6.7788472175598145,0.01767667941749096
2026-05-17 19:00:00,22.98457145690918,1.0,0.8750004172325134,27.897428512573242,6.778541088104248,-0.004749017301946878
2026-05-17 20:00:00,22.55449676513672,1.0,0.8872895836830139,29.92426872253418,6.778437614440918,0.02784310095012188
2026-05-17 21:00:00,22.191980361938477,1.0,0.888302206993103,21.807096481323242,6.77910852432251,0.046499233692884445
2026-05-17 22:00:00,21.802724838256836,0.0,0.882246196269989,15.340330123901367,6.779073715209961,0.07685859501361847
2026-05-17 23:00:00,21.429853439331055,0.0,0.8892147541046143,15.853452682495117,6.779302597045898,0.06259322166442871
2026-05-18 00:00:00,21.14745330810547,0.0,0.8982743620872498,-0.8045517206192017,6.779047012329102,0.052500393241643906
2026-05-18 01:00:00,20.982282638549805,0.0,0.9038180112838745,-2.318101644515991,6.778793811798096,0.02391001395881176
2026-05-18 02:00:00,20.683757781982422,0.0,0.9041622877120972,14.855802536010742,6.778566360473633,0.03411484882235527
2026-05-18 03:00:00,19.965679168701172,0.0,0.9108949899673462,23.12470817565918,6.778426170349121,0.06463031470775604
2026-05-18 04:00:00,19.599037170410156,0.0,0.9246120452880859,8.524335861206055,6.7788310050964355,0.058710020035505295
2026-05-18 05:00:00,19.503705978393555,0.0,0.9293585419654846,-8.03843879699707,6.778850555419922,0.020640937611460686
2026-05-18 06:00:00,19.9464168548584,0.0,0.913620114326477,23.796979904174805,6.778596878051758,0.011587348766624928
2026-05-18 07:00:00,21.35843849182129,0.0,0.8667632937431335,141.7249755859375,6.77922248840332,0.017384080216288567
2026-05-18 08:00:00,23.504648208618164,0.0,0.7993279695510864,324.1413269042969,6.779239177703857,0.03577258810400963
2026-05-18 09:00:00,25.72746467590332,0.0,0.7197882533073425,529.3181762695312,6.779087543487549,0.06926016509532928
2026-05-18 10:00:00,27.128175735473633,0.0,0.6593379378318787,668.7734985351562,6.778985500335693,0.0867033451795578
2026-05-18 11:00:00,27.701261520385742,1.0,0.6290503144264221,716.1582641601562,6.778931617736816,0.2011605054140091
2026-05-18 12:00:00,27.59548568725586,1.0,0.6220034956932068,677.29931640625,6.779067516326904,0.30914777517318726
2026-05-18 13:00:00,27.35556411743164,2.0,0.625353217124939,602.9412841796875,6.779425621032715,0.2766360342502594
2026-05-18 14:00:00,27.035030364990234,2.0,0.6432830691337585,530.5147094726562,6.779665470123291,0.2441958636045456
2026-05-18 15:00:00,26.45694923400879,2.0,0.6780095100402832,422.9391784667969,6.779844284057617,0.22336524724960327
2026-05-18 16:00:00,25.722293853759766,1.0,0.7254734039306641,287.7279052734375,6.780080318450928,0.15837201476097107
2026-05-18 17:00:00,24.851919174194336,1.0,0.7750956416130066,161.93548583984375,6.780803203582764,0.06950505077838898
2026-05-18 18:00:00,23.9390926361084,1.0,0.829525351524353,62.47496032714844,6.781339645385742,0.01765630953013897
2026-05-18 19:00:00,23.16135597229004,1.0,0.8629817366600037,8.929441452026367,6.781328201293945,0.021668819710612297
2026-05-18 20:00:00,22.760644912719727,0.0,0.8776178956031799,-0.5680557489395142,6.781380653381348,0.04167843982577324
2026-05-18 21:00:00,22.489564895629883,0.0,0.8876711130142212,-5.412827968597412,6.782021522521973,0.03500921651721001
2026-05-18 22:00:00,21.997791290283203,0.0,0.8926212787628174,-14.286638259887695,6.781539440155029,0.05543742701411247
2026-05-18 23:00:00,21.663349151611328,0.0,0.8989346623420715,-5.490830898284912,6.7820587158203125,0.05329013988375664
2026-05-19 00:00:00,21.358957290649414,0.0,0.9064775109291077,11.306272506713867,6.782090663909912,0.03488947078585625
2026-05-19 01:00:00,20.917701721191406,0.0,0.9139496088027954,11.187406539916992,6.781991958618164,0.06747797131538391
2026-05-19 02:00:00,20.657094955444336,0.0,0.915781557559967,20.856779098510742,6.7819719314575195,0.0103129418566823
2026-05-19 03:00:00,19.99376106262207,0.0,0.9234100580215454,29.723600387573242,6.7818708419799805,0.04486691579222679
2026-05-19 04:00:00,19.521615982055664,0.0,0.9320481419563293,21.37501335144043,6.781979084014893,0.03582107648253441
2026-05-19 05:00:00,19.363521575927734,0.0,0.9371300935745239,-1.9615799188613892,6.781827449798584,0.03833277150988579
2026-05-19 06:00:00,19.91486930847168,0.0,0.9245386719703674,9.50996208190918,6.782138824462891,0.018508372828364372
2026-05-19 07:00:00,21.263042449951172,0.0,0.8714463114738464,112.90278625488281,6.782594203948975,0.03316124901175499
2026-05-19 08:00:00,23.397829055786133,0.0,0.8032501935958862,306.66278076171875,6.782865047454834,0.015938429161906242
2026-05-19 09:00:00,25.526992797851562,0.0,0.7270989418029785,498.9866027832031,6.782719135284424,0.052022453397512436
2026-05-19 10:00:00,27.001951217651367,1.0,0.6624857187271118,650.6881713867188,6.7827372550964355,0.1318841129541397
2026-05-19 11:00:00,27.614809036254883,1.0,0.631716251373291,694.59619140625,6.782795429229736,0.23903873562812805
2026-05-19 12:00:00,27.740623474121094,1.0,0.6239947080612183,707.29345703125,6.782896041870117,0.2671172022819519
2026-05-19 13:00:00,27.389188766479492,1.0,0.6350605487823486,629.2989501953125,6.782927989959717,0.286081463098526
2026-05-19 14:00:00,26.922632217407227,1.0,0.6557920575141907,524.539306640625,6.783177375793457,0.23965813219547272
2026-05-19 15:00:00,26.188888549804688,1.0,0.689440131187439,428.4391784667969,6.783891201019287,0.18798545002937317
2026-05-19 16:00:00,25.544422149658203,1.0,0.7336865663528442,297.4742431640625,6.783886432647705,0.10036775469779968
2026-05-19 17:00:00,24.66036033630371,1.0,0.7900065183639526,159.3243865966797,6.78412389755249,0.045961182564496994
2026-05-19 18:00:00,23.745267868041992,0.0,0.8374953866004944,68.31932067871094,6.784293174743652,0.012743947096168995
2026-05-19 19:00:00,23.03424072265625,0.0,0.8714186549186707,31.879026412963867,6.784609794616699,0.001417962252162397
2026-05-19 20:00:00,22.510955810546875,0.0,0.8895250558853149,28.398801803588867,6.785101413726807,0.024352340027689934
2026-05-19 21:00:00,22.279052734375,0.0,0.8919692039489746,31.996427536010742,6.785227298736572,0.06498602032661438
2026-05-19 22:00:00,21.769962310791016,0.0,0.8895365595817566,19.229734420776367,6.78517484664917,0.07903581857681274
2026-05-19 23:00:00,21.348125457763672,0.0,0.8962770700454712,14.107633590698242,6.784862518310547,0.08676832914352417
2026-05-20 00:00:00,20.96862030029297,0.0,0.9077618718147278,19.44325065612793,6.785165309906006,0.09379829466342926
2026-05-20 01:00:00,20.827133178710938,0.0,0.9071974754333496,7.3529953956604,6.785293102264404,0.028928382322192192
2026-05-20 02:00:00,20.57557487487793,0.0,0.910213828086853,30.710111618041992,6.78525447845459,0.042292576283216476
2026-05-20 03:00:00,19.94094467163086,0.0,0.9123864769935608,24.913206100463867,6.785306453704834,0.03989122435450554
2026-05-20 04:00:00,19.41334342956543,0.0,0.9237179160118103,17.333417892456055,6.785338401794434,0.05751992389559746
2026-05-20 05:00:00,19.294048309326172,0.0,0.9265578985214233,-3.6763627529144287,6.785346031188965,0.04925219342112541
2026-05-20 06:00:00,19.7518310546875,0.0,0.9072034358978271,17.058713912963867,6.78475284576416,0.052994322031736374
2026-05-20 07:00:00,21.21217155456543,0.0,0.8568000793457031,118.89049530029297,6.784303188323975,0.028968779370188713
2026-05-20 08:00:00,23.249027252197266,0.0,0.7894154787063599,302.87725830078125,6.784258842468262,0.02774856798350811
2026-05-20 09:00:00,25.454654693603516,0.0,0.7166680693626404,499.5693664550781,6.784409523010254,0.03865760192275047
2026-05-20 10:00:00,26.709922790527344,1.0,0.661537230014801,644.663330078125,6.783785820007324,0.14232388138771057
2026-05-20 11:00:00,27.301681518554688,1.0,0.631915271282196,685.329345703125,6.782639980316162,0.20085275173187256
2026-05-20 12:00:00,27.499330520629883,1.0,0.6268331408500671,687.2665405273438,6.782471179962158,0.23917444050312042
2026-05-20 13:00:00,27.140626907348633,1.0,0.6350460648536682,626.3684692382812,6.782352447509766,0.30109599232673645
2026-05-20 14:00:00,26.59794807434082,1.0,0.6566271185874939,518.4730834960938,6.782711982727051,0.29303863644599915
2026-05-20 15:00:00,25.876298904418945,1.0,0.6866711974143982,392.6822814941406,6.782820224761963,0.22596868872642517
2026-05-20 16:00:00,25.207406997680664,1.0,0.7345374822616577,261.51544189453125,6.782501697540283,0.14954905211925507
2026-05-20 17:00:00,24.52495574951172,1.0,0.7846084237098694,134.3382568359375,6.782345294952393,0.06823612749576569
2026-05-20 18:00:00,23.544960021972656,1.0,0.838223934173584,53.38902282714844,6.781502723693848,0.021051568910479546
2026-05-20 19:00:00,22.88990020751953,0.0,0.8727474808692932,13.665159225463867,6.781442165374756,0.01833912543952465
2026-05-20 20:00:00,22.407379150390625,0.0,0.8892818689346313,6.747175693511963,6.781620025634766,0.01526158768683672
2026-05-20 21:00:00,22.083478927612305,0.0,0.8921881318092346,8.943082809448242,6.782001972198486,0.029851404950022697
2026-05-20 22:00:00,21.789987564086914,0.0,0.8900094628334045,13.452558517456055,6.781696796417236,0.07650351524353027
2026-05-20 23:00:00,21.37950325012207,0.0,0.8916803598403931,14.268552780151367,6.781455993652344,0.06770333647727966
2026-05-21 00:00:00,21.19020652770996,0.0,0.8988834023475647,7.834455966949463,6.7809953689575195,0.06516517698764801
2026-05-21 01:00:00,21.026521682739258,0.0,0.9028472900390625,23.199079513549805,6.7812957763671875,0.055923353880643845
2026-05-21 02:00:00,20.642501831054688,0.0,0.905174195766449,17.031293869018555,6.781061172485352,0.06236807629466057
2026-05-21 03:00:00,20.053491592407227,0.0,0.9156711101531982,12.344663619995117,6.781537055969238,0.04747898504137993
2026-05-21 04:00:00,19.61772918701172,0.0,0.9264713525772095,16.413251876831055,6.781088352203369,0.08171507716178894
2026-05-21 05:00:00,19.55191993713379,0.0,0.9256777167320251,-8.144548416137695,6.781195640563965,0.044888611882925034
2026-05-21 06:00:00,19.847553253173828,0.0,0.9102644324302673,11.55158805847168,6.781324863433838,0.018612904474139214
2026-05-21 07:00:00,21.241046905517578,0.0,0.8579875230789185,109.3393325805664,6.781142711639404,0.006113184150308371
2026-05-21 08:00:00,23.356367111206055,0.0,0.785600483417511,298.4077453613281,6.781131267547607,0.022954298183321953
2026-05-21 09:00:00,25.435596466064453,0.0,0.7114748954772949,506.7596130371094,6.780710697174072,0.06889304518699646
2026-05-21 10:00:00,26.811429977416992,0.0,0.659762978553772,649.696533203125,6.781042575836182,0.08049961924552917
2026-05-21 11:00:00,27.39630889892578,1.0,0.6317474246025085,703.1206665039062,6.781281471252441,0.20081666111946106
2026-05-21 12:00:00,27.567569732666016,1.0,0.6261738538742065,694.3509521484375,6.781610012054443,0.24605530500411987
2026-05-21 13:00:00,27.28481674194336,1.0,0.6334550380706787,632.8356323242188,6.7811150550842285,0.25242629647254944
2026-05-21 14:00:00,26.696229934692383,1.0,0.6526399254798889,522.9469604492188,6.781340599060059,0.2858046889305115
2026-05-21 15:00:00,26.052810668945312,1.0,0.6883457899093628,405.47735595703125,6.781622886657715,0.209730327129364
2026-05-21 16:00:00,25.214406967163086,1.0,0.7362979650497437,261.6769714355469,6.782669544219971,0.13691329956054688
2026-05-21 17:00:00,24.544496536254883,1.0,0.7831427454948425,140.79051208496094,6.78328800201416,0.09509029984474182
2026-05-21 18:00:00,23.568561553955078,0.0,0.8306996822357178,48.135833740234375,6.7835516929626465,0.029772890731692314
2026-05-21 19:00:00,22.9577579498291,0.0,0.8632660508155823,26.04255485534668,6.783175468444824,0.012001005001366138
2026-05-21 20:00:00,22.446943283081055,0.0,0.8788765072822571,21.529172897338867,6.783614635467529,0.030350683256983757
2026-05-21 21:00:00,22.131473541259766,0.0,0.8858833312988281,32.28074645996094,6.783353328704834,0.026612339541316032
2026-05-21 22:00:00,21.812376022338867,0.0,0.8844053149223328,19.67524528503418,6.783121109008789,0.055026423186063766
2026-05-21 23:00:00,21.32453155517578,0.0,0.895958423614502,16.01142692565918,6.782989501953125,0.08241704106330872
2026-05-22 00:00:00,21.039514541625977,0.0,0.904939591884613,24.333677291870117,6.783560752868652,0.04790612682700157
2026-05-22 01:00:00,20.737367630004883,0.0,0.9150384664535522,20.575666427612305,6.783951759338379,0.05333719775080681
2026-05-22 02:00:00,20.524736404418945,0.0,0.9180473685264587,22.338682174682617,6.78364896774292,0.06267301738262177
2026-05-22 03:00:00,19.928054809570312,0.0,0.9204387664794922,16.38386344909668,6.783817291259766,0.01452792901545763
2026-05-22 04:00:00,19.513774871826172,0.0,0.9333442449569702,6.679747104644775,6.7835588455200195,0.0203141700476408
2026-05-22 05:00:00,19.40398597717285,0.0,0.9372050762176514,-14.49992561340332,6.783722877502441,0.012963113375008106
2026-05-22 06:00:00,19.794252395629883,0.0,0.9192519187927246,11.09681510925293,6.7833452224731445,0.015771014615893364
2026-05-22 07:00:00,21.314870834350586,0.0,0.8773189783096313,114.49705505371094,6.783366680145264,0.01626562885940075
2026-05-22 08:00:00,23.275575637817383,0.0,0.8065933585166931,288.57305908203125,6.783736705780029,0.02486724965274334
2026-05-22 09:00:00,25.4730224609375,0.0,0.7252758145332336,488.600341796875,6.783567428588867,0.054811980575323105
2026-05-22 10:00:00,26.848073959350586,1.0,0.6607372760772705,654.0458984375,6.78362512588501,0.14015111327171326
2026-05-22 11:00:00,27.420320510864258,1.0,0.624447762966156,730.7342529296875,6.783672332763672,0.19111718237400055
2026-05-22 12:00:00,27.447351455688477,1.0,0.6177521347999573,721.847900390625,6.7838897705078125,0.24679791927337646
2026-05-22 13:00:00,27.192991256713867,1.0,0.6262016296386719,642.2103271484375,6.784437656402588,0.2771246135234833
2026-05-22 14:00:00,26.856609344482422,1.0,0.6540892124176025,529.816162109375,6.7844624519348145,0.2588534951210022
2026-05-22 15:00:00,26.245502471923828,1.0,0.6868159174919128,413.7228698730469,6.783904552459717,0.2000894695520401
2026-05-22 16:00:00,25.553272247314453,1.0,0.7366381287574768,273.0061950683594,6.784012794494629,0.14333531260490417
2026-05-22 17:00:00,24.710630416870117,1.0,0.7827815413475037,139.803466796875,6.7844319343566895,0.09202532470226288
2026-05-22 18:00:00,23.772777557373047,0.0,0.8318696022033691,57.61686706542969,6.784507751464844,0.022667286917567253
2026-05-22 19:00:00,22.981903076171875,0.0,0.868269681930542,18.88142204284668,6.784825801849365,0.05232229456305504
2026-05-22 20:00:00,22.46182632446289,0.0,0.8850586414337158,11.60780143737793,6.785575866699219,0.0563252829015255
2026-05-22 21:00:00,22.146514892578125,0.0,0.8907936811447144,11.00861930847168,6.785264015197754,0.07519380748271942
2026-05-22 22:00:00,21.84272003173828,0.0,0.8900532126426697,6.295515537261963,6.784724235534668,0.06403157114982605
2026-05-22 23:00:00,21.406503677368164,0.0,0.8979423642158508,-7.422654628753662,6.784832000732422,0.0645672082901001
2026-05-23 00:00:00,21.109867095947266,0.0,0.9057113528251648,-9.525789260864258,6.784706115722656,0.044463302940130234
2026-05-23 01:00:00,20.939687728881836,0.0,0.9127868413925171,-0.34169164299964905,6.784675121307373,0.030584750697016716
2026-05-23 02:00:00,20.623023986816406,0.0,0.911400556564331,8.377653121948242,6.784714221954346,0.024057624861598015
2026-05-23 03:00:00,20.157941818237305,0.0,0.9163945317268372,16.317258834838867,6.784348964691162,0.04252464696764946
2026-05-23 04:00:00,19.69866943359375,0.0,0.9297344088554382,10.680021286010742,6.784892559051514,0.03273078426718712
2026-05-23 05:00:00,19.530792236328125,0.0,0.9337644577026367,-8.070528030395508,6.785128593444824,0.021865351125597954
2026-05-23 06:00:00,20.049772262573242,0.0,0.91885906457901,2.7827131748199463,6.785565376281738,0.04514467343688011
2026-05-23 07:00:00,21.333118438720703,0.0,0.8701835870742798,101.14225006103516,6.785580158233643,0.02974577061831951
2026-05-23 08:00:00,23.3548641204834,0.0,0.7946543097496033,294.4960632324219,6.785895347595215,0.03278426453471184
2026-05-23 09:00:00,25.459379196166992,0.0,0.7197426557540894,488.5084228515625,6.7861480712890625,0.06175145134329796
2026-05-23 10:00:00,26.798648834228516,0.0,0.658769428730011,632.2008056640625,6.785651206970215,0.082500159740448
2026-05-23 11:00:00,27.44928741455078,1.0,0.6318756937980652,695.2515258789062,6.785633087158203,0.1369243711233139
2026-05-23 12:00:00,27.61173439025879,1.0,0.6241523027420044,701.6175537109375,6.785669326782227,0.2263481765985489
2026-05-23 13:00:00,27.250734329223633,1.0,0.6280985474586487,634.0184326171875,6.785362720489502,0.26479360461235046
2026-05-23 14:00:00,26.73711585998535,1.0,0.6498222947120667,537.8418579101562,6.785000324249268,0.2326170951128006
2026-05-23 15:00:00,26.283538818359375,2.0,0.6876139640808105,411.9841003417969,6.785515785217285,0.18848690390586853
2026-05-23 16:00:00,25.59821319580078,1.0,0.7314843535423279,296.4056396484375,6.785517692565918,0.1425194889307022
2026-05-23 17:00:00,24.704395294189453,1.0,0.7820708751678467,145.76966857910156,6.7856340408325195,0.07900179922580719
2026-05-23 18:00:00,23.809553146362305,1.0,0.8279162645339966,57.065460205078125,6.785586357116699,0.06257607042789459
2026-05-23 19:00:00,22.99151611328125,0.0,0.8631092309951782,35.22169494628906,6.7848801612854,0.0460282526910305
2026-05-23 20:00:00,22.539043426513672,0.0,0.88023841381073,24.926115036010742,6.7850236892700195,0.04110566899180412
2026-05-23 21:00:00,22.170019149780273,0.0,0.8896506428718567,21.956281661987305,6.784759998321533,0.035108160227537155
2026-05-23 22:00:00,21.703243255615234,0.0,0.8893913626670837,20.980146408081055,6.784656524658203,0.04728987440466881
2026-05-23 23:00:00,21.3127498626709,0.0,0.8915479779243469,15.624784469604492,6.785210132598877,0.06491874158382416
2026-05-24 00:00:00,21.00678253173828,0.0,0.8993728756904602,11.490827560424805,6.785938739776611,0.06708884239196777
2026-05-24 01:00:00,20.823604583740234,0.0,0.907250165939331,13.273435592651367,6.786365509033203,0.06356659531593323
2026-05-24 02:00:00,20.564302444458008,0.0,0.9139679074287415,18.540403366088867,6.786374092102051,0.02270781807601452
2026-05-24 03:00:00,20.027347564697266,0.0,0.9207924604415894,25.579816818237305,6.786663055419922,0.006938484963029623
2026-05-24 04:00:00,19.5693302154541,0.0,0.9331024289131165,1.8537887334823608,6.785712718963623,0.04278194531798363
2026-05-24 05:00:00,19.38309097290039,0.0,0.9317932724952698,-7.75705099105835,6.785773754119873,0.045215021818876266
2026-05-24 06:00:00,19.779130935668945,0.0,0.9143844842910767,12.823652267456055,6.7857255935668945,0.027828944846987724
2026-05-24 07:00:00,21.062747955322266,0.0,0.8684857487678528,99.70059967041016,6.785475730895996,0.03026050142943859
2026-05-24 08:00:00,23.313589096069336,0.0,0.7960277795791626,289.9166259765625,6.785379409790039,0.031637709587812424
2026-05-24 09:00:00,25.561695098876953,0.0,0.7169880867004395,498.1502380371094,6.785364627838135,0.06108472868800163
2026-05-24 10:00:00,26.943973541259766,0.0,0.6553268432617188,649.7953491210938,6.785336017608643,0.08987948298454285
2026-05-24 11:00:00,27.619091033935547,1.0,0.6262965798377991,700.7930908203125,6.7849626541137695,0.14689761400222778
2026-05-24 12:00:00,27.840574264526367,1.0,0.620786190032959,679.1080322265625,6.7847900390625,0.23769573867321014
2026-05-24 13:00:00,27.49742889404297,1.0,0.6321160793304443,606.0047607421875,6.7848615646362305,0.26153019070625305
2026-05-24 14:00:00,27.03337860107422,1.0,0.6551145911216736,522.2024536132812,6.784771919250488,0.2660561800003052
2026-05-24 15:00:00,26.289369583129883,1.0,0.6871199607849121,422.2997741699219,6.784456253051758,0.18785640597343445
2026-05-24 16:00:00,25.63054084777832,1.0,0.7328543663024902,280.09405517578125,6.784743309020996,0.11487214267253876
2026-05-24 17:00:00,24.796722412109375,1.0,0.7846712470054626,156.16358947753906,6.784491539001465,0.08136284351348877
2026-05-24 18:00:00,23.972185134887695,0.0,0.8314365744590759,61.54351806640625,6.784184455871582,0.03802744671702385
2026-05-24 19:00:00,23.29404640197754,0.0,0.8634452223777771,34.76939392089844,6.784066677093506,0.021588487550616264
2026-05-24 20:00:00,22.73059844970703,0.0,0.8793697357177734,31.325361251831055,6.783736705780029,0.027817068621516228
2026-05-24 21:00:00,22.37185287475586,0.0,0.8825132250785828,36.270751953125,6.784084320068359,0.03392384573817253
2026-05-24 22:00:00,21.968395233154297,0.0,0.8874502182006836,37.62530517578125,6.7840070724487305,0.04900294169783592
2026-05-24 23:00:00,21.702253341674805,0.0,0.8936745524406433,26.798200607299805,6.783610820770264,0.04784245416522026
2026-05-25 00:00:00,21.444387435913086,0.0,0.9045055508613586,8.53541374206543,6.783620834350586,0.058254193514585495
2026-05-25 01:00:00,21.178363800048828,0.0,0.9086751341819763,5.910032749176025,6.783714294433594,0.06676070392131805
2026-05-25 02:00:00,20.66134262084961,0.0,0.9132172465324402,25.275297164916992,6.783945560455322,0.0233962070196867
2026-05-25 03:00:00,20.020118713378906,0.0,0.9176627993583679,31.074430465698242,6.784477710723877,0.028277425095438957
2026-05-25 04:00:00,19.569610595703125,0.0,0.9282842874526978,12.368711471557617,6.783712387084961,0.039188262075185776
2026-05-25 05:00:00,19.367259979248047,0.0,0.9286426305770874,-11.09361457824707,6.7834367752075195,0.058096107095479965
2026-05-25 06:00:00,19.738388061523438,0.0,0.9121683835983276,12.813215255737305,6.784073352813721,0.047522034496068954
2026-05-25 07:00:00,21.164161682128906,0.0,0.8674823641777039,116.21077728271484,6.784523010253906,0.020273862406611443
2026-05-25 08:00:00,23.35756492614746,0.0,0.7956755757331848,291.4589538574219,6.784343242645264,0.040064211934804916
2026-05-25 09:00:00,25.48175621032715,0.0,0.7135820388793945,493.4967956542969,6.7849249839782715,0.057225149124860764
2026-05-25 10:00:00,26.832307815551758,1.0,0.6544276475906372,648.788818359375,6.784529209136963,0.11958606541156769
2026-05-25 11:00:00,27.461223602294922,1.0,0.6192507147789001,697.341796875,6.783511638641357,0.1904352456331253
2026-05-25 12:00:00,27.5205078125,1.0,0.6192546486854553,692.845458984375,6.783479690551758,0.23804514110088348
2026-05-25 13:00:00,27.243568420410156,1.0,0.631675660610199,639.7227783203125,6.784305572509766,0.28562694787979126
2026-05-25 14:00:00,26.766414642333984,1.0,0.6529227495193481,547.3317260742188,6.784480094909668,0.23092597723007202
2026-05-25 15:00:00,26.069442749023438,1.0,0.6846877336502075,423.4952697753906,6.784501075744629,0.17262695729732513
2026-05-25 16:00:00,25.406944274902344,1.0,0.7314425706863403,286.15252685546875,6.7847137451171875,0.12349065393209457
2026-05-25 17:00:00,24.602487564086914,1.0,0.7842807173728943,154.466796875,6.784565448760986,0.08372749388217926
2026-05-25 18:00:00,23.61572265625,1.0,0.8305440545082092,59.86785888671875,6.784170150756836,0.028125030919909477
2026-05-25 19:00:00,23.042081832885742,0.0,0.8669503927230835,19.932661056518555,6.784440040588379,0.02696789614856243
2026-05-25 20:00:00,22.667505264282227,0.0,0.8860657215118408,13.66645622253418,6.784707546234131,0.05836556479334831
2026-05-25 21:00:00,22.29548454284668,0.0,0.892389714717865,32.10797119140625,6.784893035888672,0.048255231231451035
2026-05-25 22:00:00,21.83544158935547,0.0,0.8945385217666626,11.588117599487305,6.785188674926758,0.06088457629084587
2026-05-25 23:00:00,21.436304092407227,0.0,0.8965814113616943,14.762022018432617,6.7850446701049805,0.069512739777565
2026-05-26 00:00:00,21.288331985473633,0.0,0.9079974889755249,12.250104904174805,6.785551071166992,0.0719003975391388
2026-05-26 01:00:00,21.02324104309082,0.0,0.9093794226646423,-5.601014614105225,6.786205768585205,0.041309814900159836
2026-05-26 02:00:00,20.611217498779297,0.0,0.9126376509666443,-7.349778652191162,6.785810947418213,0.02509969286620617
2026-05-26 03:00:00,19.910911560058594,0.0,0.9156330823898315,1.0172103643417358,6.786232948303223,0.032432522624731064
2026-05-26 04:00:00,19.345813751220703,0.0,0.9261422157287598,3.3373396396636963,6.786561012268066,0.02743843011558056
2026-05-26 05:00:00,19.245956420898438,0.0,0.9214919805526733,-9.61583137512207,6.7868242263793945,0.03417610749602318
2026-05-26 06:00:00,19.8182430267334,0.0,0.9067845940589905,16.58399772644043,6.786804676055908,0.042036022990942
2026-05-26 07:00:00,21.20576286315918,0.0,0.8609950542449951,113.09025573730469,6.7870988845825195,0.015237760730087757
2026-05-26 08:00:00,23.326047897338867,0.0,0.7906034588813782,291.3515930175781,6.787013053894043,0.04903515800833702
2026-05-26 09:00:00,25.462488174438477,0.0,0.7121252417564392,488.851806640625,6.786872863769531,0.0671168863773346
2026-05-26 10:00:00,26.795442581176758,1.0,0.6529972553253174,636.1414184570312,6.786616325378418,0.10743653774261475
2026-05-26 11:00:00,27.503005981445312,1.0,0.6273589134216309,697.4293823242188,6.786468505859375,0.15678049623966217
2026-05-26 12:00:00,27.541173934936523,1.0,0.6228115558624268,682.8328247070312,6.786622047424316,0.24519219994544983
2026-05-26 13:00:00,27.197412490844727,1.0,0.6315762400627136,599.7376098632812,6.786563873291016,0.2832023799419403
2026-05-26 14:00:00,26.830717086791992,2.0,0.6469952464103699,508.8297119140625,6.7867021560668945,0.26727187633514404
2026-05-26 15:00:00,26.071298599243164,2.0,0.6831700205802917,388.4106140136719,6.786680221557617,0.21256893873214722
2026-05-26 16:00:00,25.43777847290039,2.0,0.7326615452766418,258.9081115722656,6.7862772941589355,0.1661956012248993
2026-05-26 17:00:00,24.761119842529297,1.0,0.7868805527687073,137.01065063476562,6.786416530609131,0.07106859982013702
2026-05-26 18:00:00,23.857534408569336,1.0,0.838492751121521,38.458709716796875,6.786162853240967,0.04381061717867851
2026-05-26 19:00:00,23.159543991088867,0.0,0.870603084564209,9.552671432495117,6.78626823425293,0.03694402799010277
2026-05-26 20:00:00,22.567012786865234,0.0,0.8855225443840027,9.00117301940918,6.786194801330566,0.06451553106307983
2026-05-26 21:00:00,22.214813232421875,0.0,0.8914509415626526,18.739377975463867,6.786375999450684,0.0839531421661377
2026-05-26 22:00:00,21.653690338134766,0.0,0.8891423344612122,10.351499557495117,6.7861714363098145,0.06982359290122986
2026-05-26 23:00:00,21.262815475463867,0.0,0.8909608125686646,1.6033920049667358,6.78668212890625,0.07898877561092377
2026-05-27 00:00:00,21.105745315551758,1.0,0.8981578350067139,3.640608072280884,6.78692102432251,0.10538756847381592
2026-05-27 01:00:00,20.952714920043945,0.0,0.9067838191986084,-1.1671005487442017,6.78668212890625,0.08770157396793365
2026-05-27 02:00:00,20.62247657775879,1.0,0.9076889753341675,3.6059553623199463,6.786739826202393,0.1129329651594162
2026-05-27 03:00:00,20.072837829589844,0.0,0.9149047136306763,14.004926681518555,6.786850452423096,0.056537311524152756
2026-05-27 04:00:00,19.552507400512695,0.0,0.9259973764419556,-4.85543966293335,6.78670597076416,0.060610588639974594
2026-05-27 05:00:00,19.50510025024414,0.0,0.925870954990387,-8.11369514465332,6.787045478820801,0.04286402091383934
2026-05-27 06:00:00,20.048542022705078,0.0,0.9130577445030212,-1.2554489374160767,6.786675930023193,0.04937180504202843
2026-05-27 07:00:00,21.321109771728516,0.0,0.8692892789840698,102.93267059326172,6.786385536193848,0.038942065089941025
2026-05-27 08:00:00,23.323461532592773,0.0,0.7984776496887207,280.5846862792969,6.786514759063721,0.03289058431982994
2026-05-27 09:00:00,25.52869987487793,0.0,0.7189377546310425,493.18206787109375,6.786651611328125,0.08046044409275055
2026-05-27 10:00:00,26.80364990234375,1.0,0.6633921265602112,650.0297241210938,6.786715507507324,0.10516379773616791
2026-05-27 11:00:00,27.407880783081055,1.0,0.6332201957702637,712.66650390625,6.786450386047363,0.18269625306129456
2026-05-27 12:00:00,27.515993118286133,1.0,0.6272674798965454,681.2988891601562,6.786936283111572,0.2913476824760437
2026-05-27 13:00:00,27.238176345825195,2.0,0.6357119679450989,592.7194213867188,6.787053108215332,0.27329686284065247
2026-05-27 14:00:00,26.873775482177734,2.0,0.6570985317230225,479.2364501953125,6.7870306968688965,0.25137990713119507
2026-05-27 15:00:00,26.332231521606445,2.0,0.6894850134849548,389.070556640625,6.786986351013184,0.1784365028142929
2026-05-27 16:00:00,25.641769409179688,2.0,0.7340407967567444,271.94677734375,6.7873148918151855,0.111871138215065
2026-05-27 17:00:00,24.818635940551758,2.0,0.7846480011940002,149.81796264648438,6.787564754486084,0.06051335856318474
2026-05-27 18:00:00,23.946353912353516,0.0,0.834260880947113,60.48045349121094,6.787261962890625,0.04010402783751488
2026-05-27 19:00:00,23.22810173034668,0.0,0.8656326532363892,15.858381271362305,6.787628173828125,0.006334004458039999
2026-05-27 20:00:00,22.73250961303711,0.0,0.8810237646102905,8.30500602722168,6.7876505851745605,0.026706842705607414
2026-05-27 21:00:00,22.377689361572266,0.0,0.886258065700531,14.944089889526367,6.787552833557129,0.032806288450956345
2026-05-27 22:00:00,21.92051124572754,0.0,0.8884083032608032,13.203580856323242,6.787271499633789,0.05071749910712242
2026-05-27 23:00:00,21.5280818939209,0.0,0.8929423093795776,2.7280256748199463,6.787484645843506,0.07567447423934937
2026-05-28 00:00:00,21.231040954589844,0.0,0.9007301926612854,-1.7169357538223267,6.78762674331665,0.0527624748647213
2026-05-28 01:00:00,21.017847061157227,0.0,0.9047049283981323,-2.499559164047241,6.787624359130859,0.024485765025019646
2026-05-28 02:00:00,20.758575439453125,0.0,0.9095304012298584,-10.245210647583008,6.787808895111084,0.04224274680018425
2026-05-28 03:00:00,20.0057430267334,0.0,0.9199239611625671,5.7826828956604,6.786814212799072,0.027598468586802483
2026-05-28 04:00:00,19.331924438476562,0.0,0.9262009263038635,1.5042709112167358,6.786703586578369,0.01780509762465954
2026-05-28 05:00:00,19.296499252319336,0.0,0.9199109673500061,-19.788759231567383,6.786381244659424,0.044573407620191574
2026-05-28 06:00:00,19.77484130859375,0.0,0.9081882834434509,-10.28294563293457,6.786405563354492,0.045447614043951035
2026-05-28 07:00:00,21.18711280822754,0.0,0.8681724071502686,101.47566223144531,6.786604404449463,0.03678252920508385
2026-05-28 08:00:00,23.198171615600586,0.0,0.7915506958961487,282.7563171386719,6.786910533905029,0.024256644770503044
2026-05-28 09:00:00,25.328519821166992,0.0,0.7120723128318787,484.6679382324219,6.786478042602539,0.05430176481604576
2026-05-28 10:00:00,26.684064865112305,0.0,0.6535638570785522,655.7406616210938,6.786503791809082,0.07630181312561035
2026-05-28 11:00:00,27.361326217651367,1.0,0.6250215768814087,711.7373657226562,6.786441326141357,0.16783782839775085
2026-05-28 12:00:00,27.52638053894043,1.0,0.6220824122428894,677.5471801757812,6.785977840423584,0.2034597098827362
2026-05-28 13:00:00,27.461458206176758,2.0,0.6332700252532959,589.4657592773438,6.785712718963623,0.21815578639507294
2026-05-28 14:00:00,27.023935317993164,2.0,0.6572682857513428,507.4839172363281,6.785818099975586,0.25568079948425293
2026-05-28 15:00:00,26.423683166503906,2.0,0.6891970038414001,402.01409912109375,6.785456657409668,0.2548431158065796
2026-05-28 16:00:00,25.689062118530273,2.0,0.7334361672401428,271.5064697265625,6.784524440765381,0.1442512422800064
2026-05-28 17:00:00,24.93441390991211,2.0,0.782198965549469,141.3787841796875,6.784295558929443,0.06559574604034424
2026-05-28 18:00:00,24.0621280670166,1.0,0.8296987414360046,65.01438903808594,6.784258842468262,0.03936905786395073
2026-05-28 19:00:00,23.34966468811035,0.0,0.8607979416847229,31.496183395385742,6.784460544586182,0.011187893338501453
2026-05-28 20:00:00,22.78891944885254,0.0,0.8753938674926758,17.484403610229492,6.7843918800354,0.02421863190829754
2026-05-28 21:00:00,22.322595596313477,0.0,0.8805577754974365,21.012617111206055,6.784083366394043,-0.0006727302679792047
2026-05-28 22:00:00,21.863414764404297,0.0,0.8831188678741455,17.493070602416992,6.784554958343506,0.01815272681415081
2026-05-28 23:00:00,21.538799285888672,0.0,0.8861649036407471,18.239957809448242,6.784289836883545,0.0546632818877697
2026-05-29 00:00:00,21.288726806640625,0.0,0.8929925560951233,-1.4147506952285767,6.784094333648682,0.055761512368917465
2026-05-29 01:00:00,21.08517837524414,0.0,0.9018728733062744,-11.587282180786133,6.784030437469482,0.061924051493406296
2026-05-29 02:00:00,20.78325843811035,0.0,0.9061959385871887,3.661909341812134,6.783947467803955,0.07943716645240784
2026-05-29 03:00:00,20.301565170288086,0.0,0.911736011505127,2.7317793369293213,6.784442901611328,0.07288087904453278
2026-05-29 04:00:00,19.602642059326172,0.0,0.9238672852516174,-6.444230556488037,6.784493446350098,0.051182638853788376
2026-05-29 05:00:00,19.517475128173828,0.0,0.9259263277053833,-31.406557083129883,6.784406661987305,0.03696348890662193
2026-05-29 06:00:00,20.002382278442383,0.0,0.9132703542709351,4.711927890777588,6.784214019775391,0.028783543035387993
2026-05-29 07:00:00,21.390268325805664,0.0,0.8689573407173157,116.04546356201172,6.784176826477051,0.045747723430395126
2026-05-29 08:00:00,23.44867515563965,0.0,0.7974913716316223,298.66790771484375,6.784568786621094,0.03842712566256523
2026-05-29 09:00:00,25.324764251708984,0.0,0.7194460034370422,504.4322204589844,6.784422397613525,0.07776206731796265
2026-05-29 10:00:00,26.706573486328125,1.0,0.6604137420654297,660.714111328125,6.784041404724121,0.12456490844488144
2026-05-29 11:00:00,27.457286834716797,1.0,0.6255913376808167,705.1365966796875,6.784162998199463,0.22936677932739258
2026-05-29 12:00:00,27.524290084838867,1.0,0.620742678642273,700.2091674804688,6.784377574920654,0.25563108921051025
2026-05-29 13:00:00,27.213621139526367,2.0,0.6335508823394775,618.1337280273438,6.784440517425537,0.30284711718559265
2026-05-29 14:00:00,26.805904388427734,2.0,0.6520634889602661,516.4480590820312,6.784341335296631,0.31160491704940796
2026-05-29 15:00:00,26.227313995361328,2.0,0.6894697546958923,417.05963134765625,6.783411502838135,0.23956774175167084
2026-05-29 16:00:00,25.51447868347168,2.0,0.7360846996307373,280.2400817871094,6.783777713775635,0.16615818440914154
2026-05-29 17:00:00,24.747638702392578,1.0,0.7822061777114868,153.89447021484375,6.783661365509033,0.09289400279521942
2026-05-29 18:00:00,23.85060691833496,1.0,0.8339425921440125,52.13885498046875,6.783632278442383,0.0578937791287899
2026-05-29 19:00:00,23.075233459472656,0.0,0.8703722953796387,11.577070236206055,6.783608436584473,0.042204808443784714
2026-05-29 20:00:00,22.612689971923828,0.0,0.8865587711334229,8.52338981628418,6.783513069152832,0.04545220360159874
2026-05-29 21:00:00,22.296424865722656,0.0,0.8929948806762695,11.08997917175293,6.783746719360352,0.05839812383055687
2026-05-29 22:00:00,21.992128372192383,1.0,0.8962481021881104,20.06568717956543,6.783071517944336,0.12096565961837769
2026-05-29 23:00:00,21.528648376464844,1.0,0.9003572463989258,12.75721549987793,6.782276153564453,0.10552383959293365
2026-05-30 00:00:00,21.40207862854004,1.0,0.9057206511497498,24.06159782409668,6.782726287841797,0.12761224806308746
2026-05-30 01:00:00,21.110185623168945,1.0,0.9089164733886719,15.671720504760742,6.782310962677002,0.11741884052753448
2026-05-30 02:00:00,20.91145133972168,0.0,0.9072644114494324,19.882490158081055,6.782471656799316,0.06839051842689514
2026-05-30 03:00:00,20.259477615356445,0.0,0.9109947681427002,12.015348434448242,6.782639503479004,0.061409201472997665
2026-05-30 04:00:00,19.759565353393555,0.0,0.9220107197761536,5.775373935699463,6.782573699951172,0.04046804830431938
2026-05-30 05:00:00,19.589038848876953,0.0,0.9240948557853699,-10.55638313293457,6.782366752624512,0.046160440891981125
2026-05-30 06:00:00,19.899202346801758,0.0,0.9139344096183777,29.751005172729492,6.782451629638672,0.0613885335624218
2026-05-30 07:00:00,21.28536605834961,0.0,0.871292233467102,139.9806365966797,6.782337665557861,0.0298271756619215
2026-05-30 08:00:00,23.386856079101562,0.0,0.8070508241653442,323.14990234375,6.782262802124023,0.03805231675505638
2026-05-30 09:00:00,25.470712661743164,0.0,0.7344096302986145,516.2152709960938,6.782149791717529,0.06631827354431152
2026-05-30 10:00:00,26.924549102783203,1.0,0.671718418598175,655.0191650390625,6.782606601715088,0.15948259830474854
2026-05-30 11:00:00,27.561189651489258,1.0,0.637405276298523,707.6577758789062,6.782626628875732,0.17294596135616302
2026-05-30 12:00:00,27.58733558654785,1.0,0.6333741545677185,675.7835083007812,6.7828497886657715,0.2674507200717926
2026-05-30 13:00:00,27.33595848083496,1.0,0.6389345526695251,616.6832275390625,6.782601833343506,0.31581366062164307
2026-05-30 14:00:00,26.70087432861328,1.0,0.6559048891067505,504.9602966308594,6.782654762268066,0.2688835561275482
2026-05-30 15:00:00,26.051172256469727,1.0,0.6918483972549438,410.37347412109375,6.78298282623291,0.2171628326177597
2026-05-30 16:00:00,25.499828338623047,1.0,0.7381309866905212,289.07611083984375,6.7830095291137695,0.12686873972415924
2026-05-30 17:00:00,24.745216369628906,1.0,0.7869345545768738,157.6298828125,6.782279014587402,0.08320285379886627
2026-05-30 18:00:00,24.091665267944336,0.0,0.8339393734931946,55.674163818359375,6.782589435577393,0.009266880340874195
2026-05-30 19:00:00,23.299802780151367,0.0,0.8686808347702026,27.625959396362305,6.7826032638549805,0.03853915259242058
2026-05-30 20:00:00,22.688030242919922,0.0,0.8839565515518188,16.380796432495117,6.782766819000244,0.06228719279170036
2026-05-30 21:00:00,22.37921905517578,0.0,0.8859650492668152,34.27116394042969,6.782567977905273,0.09882515668869019
2026-05-30 22:00:00,22.021839141845703,0.0,0.8860087394714355,24.28370475769043,6.782235622406006,0.09927347302436829
2026-05-30 23:00:00,21.58196449279785,0.0,0.8927852511405945,25.859220504760742,6.782492160797119,0.09310795366764069
