time,suhu_y,humidity_y,light_intensity_y,precipitation_y,cuaca
2026-06-01 00:00:00,21.13978385925293,0.9123450517654419,18.274173736572266,-0.2285444289445877,0.0
2026-06-01 01:00:00,20.925743103027344,0.9227542281150818,25.041309356689453,-0.04963282495737076,0.0
2026-06-01 02:00:00,20.351274490356445,0.941011905670166,18.398807525634766,-0.01593933254480362,0.0
2026-06-01 03:00:00,20.060630798339844,0.9567298889160156,13.218494415283203,0.029851697385311127,0.0
2026-06-01 04:00:00,19.792789459228516,0.9635276198387146,6.241810321807861,0.002272538375109434,0.0
2026-06-01 05:00:00,19.27155876159668,0.9749993681907654,0.2618449628353119,0.10730404406785965,1.0
2026-06-01 06:00:00,19.302377700805664,0.9636743068695068,9.870655059814453,0.013558514416217804,0.0
2026-06-01 07:00:00,20.673959732055664,0.9081173539161682,90.2303466796875,0.022599495947360992,0.0
2026-06-01 08:00:00,22.62457275390625,0.8244778513908386,252.59432983398438,0.1281464397907257,1.0
2026-06-01 09:00:00,24.631689071655273,0.7210832238197327,453.5874328613281,0.032626859843730927,0.0
2026-06-01 10:00:00,26.27985382080078,0.630994439125061,619.986328125,0.035736627876758575,0.0
2026-06-01 11:00:00,27.352527618408203,0.591541588306427,715.518310546875,-0.04661143571138382,0.0
2026-06-01 12:00:00,27.99444580078125,0.5724397301673889,735.566650390625,0.07125934213399887,1.0
2026-06-01 13:00:00,28.16989517211914,0.5678394436836243,698.9804077148438,0.2913808226585388,2.0
2026-06-01 14:00:00,27.48899269104004,0.5835203528404236,611.8819580078125,0.5658079385757446,2.0
2026-06-01 15:00:00,26.801441192626953,0.6117759346961975,485.53704833984375,0.8378725647926331,2.0
2026-06-01 16:00:00,25.94502067565918,0.6534457206726074,335.2090148925781,0.6264767050743103,2.0
2026-06-01 17:00:00,24.798128128051758,0.7087244391441345,187.16905212402344,0.4510701298713684,2.0
2026-06-01 18:00:00,23.848180770874023,0.7696239352226257,70.68631744384766,0.2634909152984619,2.0
2026-06-01 19:00:00,23.298259735107422,0.8028152585029602,10.017505645751953,0.14091631770133972,1.0
2026-06-01 20:00:00,22.722497940063477,0.8171473741531372,4.286900043487549,-0.018475152552127838,0.0
2026-06-01 21:00:00,22.260286331176758,0.8347514271736145,7.267445087432861,-0.09159422665834427,0.0
2026-06-01 22:00:00,21.833093643188477,0.8457449078559875,-0.8945423364639282,-0.11760310083627701,0.0
2026-06-01 23:00:00,21.421585083007812,0.8564662337303162,-2.1869618892669678,-0.12301505357027054,0.0
2026-06-02 00:00:00,21.144184112548828,0.8779054284095764,6.767567157745361,-0.1209845319390297,0.0
2026-06-02 01:00:00,20.856477737426758,0.8888856172561646,23.920124053955078,-0.09275133162736893,0.0
2026-06-02 02:00:00,20.30643081665039,0.8976463079452515,20.221439361572266,-0.004590936470776796,0.0
2026-06-02 03:00:00,19.98748779296875,0.912975549697876,4.919010639190674,0.05143294483423233,0.0
2026-06-02 04:00:00,19.707191467285156,0.9226577877998352,14.63992691040039,0.07699549943208694,0.0
2026-06-02 05:00:00,19.154430389404297,0.927772045135498,6.977787494659424,-0.009046651422977448,0.0
2026-06-02 06:00:00,19.205608367919922,0.9230641722679138,10.966434478759766,0.028066344559192657,0.0
2026-06-02 07:00:00,20.66275405883789,0.87433260679245,88.20568084716797,-0.08455286175012589,0.0
2026-06-02 08:00:00,22.704500198364258,0.7960279583930969,258.1166076660156,-0.005247988272458315,0.0
2026-06-02 09:00:00,24.665307998657227,0.6984195709228516,458.74859619140625,-0.06779355555772781,0.0
2026-06-02 10:00:00,26.29171371459961,0.6251558661460876,624.457275390625,0.0036315987817943096,0.0
2026-06-02 11:00:00,27.342308044433594,0.576757550239563,710.388427734375,0.03891509026288986,0.0
2026-06-02 12:00:00,27.865530014038086,0.569453775882721,729.9601440429688,0.07123947888612747,1.0
2026-06-02 13:00:00,27.886093139648438,0.5740634799003601,691.2323608398438,0.23879756033420563,2.0
2026-06-02 14:00:00,27.47532081604004,0.5919677019119263,611.185302734375,0.43279704451560974,2.0
2026-06-02 15:00:00,26.825666427612305,0.6327160596847534,472.5772399902344,0.5320783853530884,2.0
2026-06-02 16:00:00,25.945606231689453,0.6870251297950745,316.96124267578125,0.5409018993377686,2.0
2026-06-02 17:00:00,24.723548889160156,0.7383971810340881,166.5833282470703,0.31910789012908936,1.0
2026-06-02 18:00:00,23.666276931762695,0.786471962928772,46.760746002197266,0.14463256299495697,1.0
2026-06-02 19:00:00,23.123117446899414,0.8171856999397278,4.017490863800049,0.004770956467837095,0.0
2026-06-02 20:00:00,22.62830924987793,0.8354835510253906,7.632313251495361,-0.008728601038455963,0.0
2026-06-02 21:00:00,22.121564865112305,0.8401378989219666,-2.5170857906341553,-0.07467842847108841,0.0
2026-06-02 22:00:00,21.70809555053711,0.853776216506958,-15.803524017333984,-0.06662265211343765,0.0
2026-06-02 23:00:00,21.388723373413086,0.8670521974563599,-4.884883403778076,-0.05836976319551468,0.0
2026-06-03 00:00:00,21.158872604370117,0.8792604207992554,-6.686061382293701,-0.018888629972934723,0.0
2026-06-03 01:00:00,20.814485549926758,0.8951306939125061,7.189960956573486,0.0719083920121193,0.0
2026-06-03 02:00:00,20.391645431518555,0.9017157554626465,13.972537994384766,0.040306903421878815,0.0
2026-06-03 03:00:00,20.10152816772461,0.9105812907218933,5.339420795440674,0.11549738794565201,1.0
2026-06-03 04:00:00,19.91255760192871,0.9169498682022095,2.7347452640533447,0.08959443122148514,0.0
2026-06-03 05:00:00,19.499156951904297,0.916577935218811,-6.327144145965576,0.08161824196577072,0.0
2026-06-03 06:00:00,19.585622787475586,0.9040316939353943,2.7575571537017822,0.09784375876188278,0.0
2026-06-03 07:00:00,21.00871467590332,0.8686492443084717,83.55754852294922,-0.006408162880688906,0.0
2026-06-03 08:00:00,22.961538314819336,0.7943377494812012,251.3208465576172,0.025455854833126068,0.0
2026-06-03 09:00:00,24.911911010742188,0.6975633502006531,453.58038330078125,-0.04153615981340408,0.0
2026-06-03 10:00:00,26.402450561523438,0.6212537288665771,621.1249389648438,-0.027317024767398834,0.0
2026-06-03 11:00:00,27.331104278564453,0.5820180177688599,701.693115234375,-0.2674105167388916,0.0
2026-06-03 12:00:00,27.911998748779297,0.5706291794776917,732.6443481445312,-0.2538667321205139,0.0
2026-06-03 13:00:00,27.997310638427734,0.5924274921417236,688.071044921875,0.12067640572786331,1.0
2026-06-03 14:00:00,27.513315200805664,0.6181009411811829,599.528564453125,0.2714068591594696,1.0
2026-06-03 15:00:00,26.85420799255371,0.6660394668579102,464.39154052734375,0.41307511925697327,1.0
2026-06-03 16:00:00,25.908634185791016,0.7093853950500488,322.535888671875,0.4425749182701111,1.0
2026-06-03 17:00:00,24.60367202758789,0.7642685770988464,173.8328094482422,0.28667911887168884,1.0
2026-06-03 18:00:00,23.61798095703125,0.8225604891777039,53.7586555480957,0.052553631365299225,0.0
2026-06-03 19:00:00,23.027584075927734,0.8555744886398315,-2.3981587886810303,-0.028050877153873444,0.0
2026-06-03 20:00:00,22.538591384887695,0.8640493750572205,7.374393939971924,-0.04499591141939163,0.0
2026-06-03 21:00:00,22.13996696472168,0.8652387261390686,3.5642740726470947,-0.1578550487756729,0.0
2026-06-03 22:00:00,21.77324104309082,0.8799548149108887,-7.965068340301514,-0.17535187304019928,0.0
2026-06-03 23:00:00,21.449703216552734,0.8882099986076355,3.1254312992095947,-0.27426350116729736,0.0
2026-06-04 00:00:00,21.244047164916992,0.8994414210319519,17.072635650634766,-0.23193080723285675,0.0
2026-06-04 01:00:00,21.05126953125,0.9161728024482727,23.228351593017578,-0.11924497038125992,0.0
2026-06-04 02:00:00,20.608041763305664,0.9276102781295776,13.275897979736328,-0.13427703082561493,0.0
2026-06-04 03:00:00,20.41145896911621,0.9309709072113037,10.373310089111328,-0.09129301458597183,0.0
2026-06-04 04:00:00,20.25391387939453,0.943997323513031,2.6940042972564697,-0.12374303489923477,0.0
2026-06-04 05:00:00,19.753211975097656,0.9453390836715698,-6.986232280731201,-0.06197638064622879,0.0
2026-06-04 06:00:00,19.800745010375977,0.935929000377655,-2.8319966793060303,-0.092909075319767,0.0
2026-06-04 07:00:00,21.17983627319336,0.8914986252784729,91.42410278320312,0.009581096470355988,0.0
2026-06-04 08:00:00,23.01169204711914,0.8161952495574951,254.64389038085938,0.012056417763233185,0.0
2026-06-04 09:00:00,25.007627487182617,0.7248438000679016,449.2506408691406,0.08358567208051682,0.0
2026-06-04 10:00:00,26.605249404907227,0.6547346115112305,607.609130859375,-0.04614419490098953,0.0
2026-06-04 11:00:00,27.537023544311523,0.61618572473526,691.7368774414062,-0.10960067063570023,0.0
2026-06-04 12:00:00,28.05973243713379,0.6091066002845764,717.0196533203125,-0.04569051414728165,1.0
2026-06-04 13:00:00,28.01683235168457,0.6144317388534546,681.1743774414062,0.13415387272834778,1.0
2026-06-04 14:00:00,27.512670516967773,0.6428136229515076,590.1876831054688,0.3693804442882538,1.0
2026-06-04 15:00:00,26.83517837524414,0.6858668327331543,472.6395263671875,0.4346792995929718,1.0
2026-06-04 16:00:00,25.91973876953125,0.7351624369621277,325.5677795410156,0.42598584294319153,1.0
2026-06-04 17:00:00,24.596654891967773,0.792023241519928,172.30621337890625,0.09601045399904251,0.0
2026-06-04 18:00:00,23.66562843322754,0.8471450209617615,56.50247573852539,0.0050807218067348,0.0
2026-06-04 19:00:00,23.142295837402344,0.8845691680908203,5.222935199737549,-0.12526850402355194,0.0
2026-06-04 20:00:00,22.696306228637695,0.892438530921936,4.376942157745361,-0.12689249217510223,0.0
2026-06-04 21:00:00,22.25572395324707,0.8906901478767395,6.404041767120361,-0.027457334101200104,0.0
2026-06-04 22:00:00,21.873783111572266,0.8928104043006897,-9.730205535888672,-0.17341475188732147,0.0
2026-06-04 23:00:00,21.555330276489258,0.9100080132484436,-0.13656200468540192,-0.17799948155879974,0.0
2026-06-05 00:00:00,21.41254234313965,0.9241129159927368,8.647449493408203,-0.2121521681547165,0.0
2026-06-05 01:00:00,21.076536178588867,0.9292248487472534,19.014896392822266,-0.12529997527599335,0.0
2026-06-05 02:00:00,20.584228515625,0.9311453700065613,18.037769317626953,-0.09791336208581924,0.0
2026-06-05 03:00:00,20.413530349731445,0.9401531219482422,11.449344635009766,0.07106087356805801,0.0
2026-06-05 04:00:00,20.304428100585938,0.9493635892868042,10.759693145751953,-0.06041968613862991,0.0
2026-06-05 05:00:00,19.73994255065918,0.9534155130386353,-4.586543560028076,-0.0180363729596138,0.0
2026-06-05 06:00:00,19.95850944519043,0.9513959288597107,5.642826557159424,-0.05369076877832413,0.0
2026-06-05 07:00:00,21.426284790039062,0.9146143794059753,83.47313690185547,-0.021118082106113434,0.0
2026-06-05 08:00:00,23.236696243286133,0.8365039825439453,256.0224304199219,-0.03358239680528641,0.0
2026-06-05 09:00:00,25.1656551361084,0.7469555735588074,461.314453125,-0.014659322798252106,0.0
2026-06-05 10:00:00,26.609697341918945,0.6733614206314087,613.1094970703125,-0.07403556257486343,0.0
2026-06-05 11:00:00,27.64219093322754,0.6399793028831482,714.3441162109375,-0.13932092487812042,0.0
2026-06-05 12:00:00,28.12746810913086,0.6388571858406067,734.2841186523438,-0.14930303394794464,1.0
2026-06-05 13:00:00,27.886768341064453,0.6566808223724365,701.9454956054688,-0.007236250210553408,2.0
2026-06-05 14:00:00,27.137598037719727,0.687404453754425,601.4246826171875,0.20538966357707977,2.0
2026-06-05 15:00:00,26.379230499267578,0.732912540435791,473.9219665527344,0.3951404392719269,2.0
2026-06-05 16:00:00,25.376134872436523,0.7835694551467896,319.4016418457031,0.3869340121746063,2.0
2026-06-05 17:00:00,24.371728897094727,0.8400442004203796,174.66390991210938,0.0853097066283226,2.0
2026-06-05 18:00:00,23.45073699951172,0.8840912580490112,58.64607620239258,-0.23542745411396027,1.0
2026-06-05 19:00:00,23.051040649414062,0.914413332939148,9.774723052978516,-0.28885167837142944,0.0
2026-06-05 20:00:00,22.590089797973633,0.9187825918197632,3.2450754642486572,-0.18971015512943268,0.0
2026-06-05 21:00:00,22.224428176879883,0.9211470484733582,1.7681010961532593,-0.16062556207180023,0.0
2026-06-05 22:00:00,21.832597732543945,0.9240626096725464,-4.688670635223389,-0.09794027358293533,0.0
2026-06-05 23:00:00,21.540969848632812,0.9333064556121826,2.1693003177642822,-0.12935008108615875,0.0
2026-06-06 00:00:00,21.409317016601562,0.9451459646224976,13.138492584228516,-0.09568110853433609,0.0
2026-06-06 01:00:00,21.137557983398438,0.949303150177002,15.53061294555664,-0.05543089658021927,0.0
2026-06-06 02:00:00,20.688169479370117,0.9514676928520203,5.932880878448486,-0.010088153183460236,0.0
2026-06-06 03:00:00,20.491132736206055,0.9543208479881287,4.213734149932861,0.05492084473371506,0.0
2026-06-06 04:00:00,20.35230255126953,0.9610373377799988,-2.6810872554779053,0.025181151926517487,0.0
2026-06-06 05:00:00,19.85877227783203,0.9598891735076904,-10.504512786865234,-0.011464603245258331,0.0
2026-06-06 06:00:00,19.912126541137695,0.9507125020027161,1.2124980688095093,0.03044045716524124,0.0
2026-06-06 07:00:00,21.256263732910156,0.9154545664787292,76.4878158569336,0.056180767714977264,0.0
2026-06-06 08:00:00,23.201631546020508,0.8314101099967957,259.84539794921875,-0.049310989677906036,0.0
2026-06-06 09:00:00,25.065744400024414,0.7441219091415405,470.2110290527344,-0.13509224355220795,0.0
2026-06-06 10:00:00,26.604808807373047,0.6746402382850647,629.8779296875,-0.2912471890449524,0.0
2026-06-06 11:00:00,27.576261520385742,0.6428006291389465,707.1983642578125,-0.3108046054840088,0.0
2026-06-06 12:00:00,27.96055793762207,0.6336427330970764,723.1343383789062,-0.20401965081691742,1.0
2026-06-06 13:00:00,27.85744285583496,0.6580846309661865,672.708251953125,0.08741091936826706,1.0
2026-06-06 14:00:00,27.247114181518555,0.6899853348731995,587.4024658203125,0.45786887407302856,1.0
2026-06-06 15:00:00,26.508438110351562,0.7367447018623352,469.8249816894531,0.6393782496452332,2.0
2026-06-06 16:00:00,25.767581939697266,0.7827573418617249,328.239013671875,0.562883198261261,2.0
2026-06-06 17:00:00,24.592924118041992,0.8415906429290771,176.74124145507812,0.32938629388809204,1.0
2026-06-06 18:00:00,23.452796936035156,0.9066800475120544,65.5038833618164,0.07426408678293228,0.0
2026-06-06 19:00:00,23.04613494873047,0.936644971370697,3.7384073734283447,-0.03674743324518204,0.0
2026-06-06 20:00:00,22.636627197265625,0.9314308166503906,-0.6893421411514282,-0.07252911478281021,0.0
2026-06-06 21:00:00,22.263246536254883,0.9270586967468262,-6.402980327606201,-0.2187199741601944,0.0
2026-06-06 22:00:00,21.996938705444336,0.9253993034362793,-8.59090805053711,-0.08961368352174759,0.0
2026-06-06 23:00:00,21.751802444458008,0.9265668392181396,2.5397684574127197,-0.1593199223279953,0.0
2026-06-07 00:00:00,21.621721267700195,0.9293497800827026,7.449177265167236,-0.04471919685602188,0.0
2026-06-07 01:00:00,21.18606948852539,0.9341761469841003,11.716739654541016,-0.08574012666940689,0.0
2026-06-07 02:00:00,20.632108688354492,0.9381618499755859,-5.242244243621826,-0.09379375725984573,0.0
2026-06-07 03:00:00,20.374217987060547,0.9376869797706604,-4.794780254364014,-0.04376412183046341,0.0
2026-06-07 04:00:00,20.196378707885742,0.9381353855133057,-4.887446880340576,0.029048152267932892,0.0
2026-06-07 05:00:00,19.80608367919922,0.9438151121139526,-10.604228973388672,0.009636826813220978,0.0
2026-06-07 06:00:00,19.969343185424805,0.9371535778045654,6.384266376495361,-0.007430769968777895,0.0
2026-06-07 07:00:00,21.39181900024414,0.9049471020698547,89.61656951904297,0.03817824274301529,0.0
2026-06-07 08:00:00,23.35166358947754,0.8335761427879333,269.0261535644531,-0.03368968516588211,0.0
2026-06-07 09:00:00,25.116539001464844,0.7515844702720642,471.4148864746094,-0.043275512754917145,0.0
2026-06-07 10:00:00,26.66742706298828,0.6836246848106384,618.9235229492188,-0.09679562598466873,0.0
2026-06-07 11:00:00,27.833066940307617,0.6493855118751526,708.2388305664062,-0.030069120228290558,0.0
2026-06-07 12:00:00,28.42377471923828,0.6441508531570435,717.36474609375,0.04421556740999222,0.0
2026-06-07 13:00:00,28.302650451660156,0.6609419584274292,666.81884765625,0.3577589988708496,1.0
2026-06-07 14:00:00,27.530803680419922,0.6881223320960999,592.0739135742188,0.5986321568489075,2.0
2026-06-07 15:00:00,26.81227684020996,0.7358639240264893,458.19940185546875,0.6669122576713562,2.0
2026-06-07 16:00:00,25.752710342407227,0.7815134525299072,318.8014831542969,0.5124232172966003,2.0
2026-06-07 17:00:00,24.537513732910156,0.8411710858345032,166.82858276367188,0.2405594140291214,1.0
2026-06-07 18:00:00,23.620161056518555,0.8888320922851562,57.16505813598633,-0.17863105237483978,0.0
2026-06-07 19:00:00,23.110145568847656,0.9188441038131714,6.965763568878174,-0.3132855296134949,0.0
2026-06-07 20:00:00,22.691987991333008,0.9287849068641663,6.359547138214111,-0.37024354934692383,0.0
2026-06-07 21:00:00,22.34781837463379,0.9245271682739258,4.524357318878174,-0.34752708673477173,0.0
2026-06-07 22:00:00,22.082782745361328,0.9254145622253418,-1.4287983179092407,-0.2530052363872528,0.0
2026-06-07 23:00:00,21.89876937866211,0.9299801588058472,-5.014873027801514,-0.12941230833530426,0.0
2026-06-08 00:00:00,21.645977020263672,0.9331788420677185,11.02762222290039,-0.18841059505939484,0.0
2026-06-08 01:00:00,21.435726165771484,0.942699670791626,8.68173599243164,-0.1529853790998459,0.0
2026-06-08 02:00:00,20.909095764160156,0.9394897222518921,12.01443862915039,-0.14139880239963531,0.0
2026-06-08 03:00:00,20.71123504638672,0.9333457946777344,-6.362437725067139,-0.052297838032245636,0.0
2026-06-08 04:00:00,20.4438533782959,0.9360916018486023,-3.7481954097747803,0.023411668837070465,0.0
2026-06-08 05:00:00,20.06318473815918,0.9317896366119385,-2.6937062740325928,-0.01667911559343338,0.0
2026-06-08 06:00:00,20.12086296081543,0.9382659196853638,6.771946430206299,-0.06375447660684586,0.0
2026-06-08 07:00:00,21.458986282348633,0.8967559933662415,88.73722839355469,-0.05488503724336624,0.0
2026-06-08 08:00:00,23.447021484375,0.8150476813316345,260.48797607421875,0.040807925164699554,0.0
2026-06-08 09:00:00,25.31833839416504,0.7244266867637634,469.6293640136719,0.014592848718166351,0.0
2026-06-08 10:00:00,26.893112182617188,0.6542227268218994,615.6802978515625,0.05544409900903702,0.0
2026-06-08 11:00:00,27.87664794921875,0.6288220882415771,712.7063598632812,-0.06380409747362137,0.0
2026-06-08 12:00:00,28.17751693725586,0.6392433047294617,731.7554321289062,0.18219737708568573,1.0
2026-06-08 13:00:00,27.990205764770508,0.6640431880950928,676.3759765625,0.4369508624076843,1.0
2026-06-08 14:00:00,27.32632064819336,0.7045498490333557,590.0945434570312,0.7625158429145813,2.0
2026-06-08 15:00:00,26.629735946655273,0.7503520250320435,456.5951232910156,0.876211941242218,2.0
2026-06-08 16:00:00,25.706464767456055,0.8011925220489502,311.944091796875,0.6387675404548645,2.0
2026-06-08 17:00:00,24.544668197631836,0.8547446727752686,156.22427368164062,0.2710545063018799,1.0
2026-06-08 18:00:00,23.638500213623047,0.917084276676178,46.76749038696289,-0.04290959984064102,1.0
2026-06-08 19:00:00,23.231523513793945,0.9479668736457825,-4.486171245574951,-0.11431334167718887,0.0
2026-06-08 20:00:00,22.813739776611328,0.9533045291900635,0.7228130102157593,-0.10854969173669815,0.0
2026-06-08 21:00:00,22.30789566040039,0.9557209014892578,-3.5133473873138428,-0.18011294305324554,0.0
2026-06-08 22:00:00,21.969572067260742,0.9511962532997131,-6.623073101043701,-0.19487647712230682,0.0
2026-06-08 23:00:00,21.79844856262207,0.9503489136695862,2.7106211185455322,-0.37785249948501587,0.0
2026-06-09 00:00:00,21.555376052856445,0.9557960629463196,5.133442401885986,-0.2953695058822632,0.0
2026-06-09 01:00:00,21.24631118774414,0.9613155722618103,11.37546157836914,-0.25676125288009644,0.0
2026-06-09 02:00:00,20.732337951660156,0.9536790251731873,2.9694101810455322,-0.2645406126976013,0.0
2026-06-09 03:00:00,20.642475128173828,0.9417507648468018,-0.8013721704483032,-0.07938609272241592,0.0
2026-06-09 04:00:00,20.41847801208496,0.9337987899780273,-15.369487762451172,-0.05325291305780411,0.0
2026-06-09 05:00:00,20.04319190979004,0.930439293384552,-17.66262435913086,-0.029425449669361115,0.0
2026-06-09 06:00:00,20.20115852355957,0.9275041222572327,4.491871356964111,-0.07653865963220596,0.0
2026-06-09 07:00:00,21.48135757446289,0.8861103057861328,76.59313201904297,-0.05159325152635574,0.0
2026-06-09 08:00:00,23.385169982910156,0.810215413570404,251.90249633789062,0.03380075842142105,0.0
2026-06-09 09:00:00,25.31509017944336,0.7270379662513733,456.1121826171875,0.0034254412166774273,0.0
2026-06-09 10:00:00,26.799562454223633,0.6681640148162842,615.6848754882812,-0.030378110706806183,0.0
2026-06-09 11:00:00,27.722742080688477,0.6356646418571472,704.0360107421875,-0.06537503749132156,1.0
2026-06-09 12:00:00,28.25424575805664,0.6357805132865906,724.5093383789062,0.11393385380506516,1.0
2026-06-09 13:00:00,28.115644454956055,0.6537126302719116,683.3287963867188,0.3984205722808838,2.0
2026-06-09 14:00:00,27.36473846435547,0.689426064491272,583.596435546875,0.7454125285148621,2.0
2026-06-09 15:00:00,26.540502548217773,0.7345404624938965,468.572265625,0.8626682758331299,2.0
2026-06-09 16:00:00,25.633163452148438,0.7868996858596802,321.1888732910156,0.708006739616394,2.0
2026-06-09 17:00:00,24.373788833618164,0.8575870394706726,171.10650634765625,0.4767247140407562,2.0
2026-06-09 18:00:00,23.47435760498047,0.9172678589820862,63.99533462524414,0.12000902742147446,1.0
2026-06-09 19:00:00,23.013673782348633,0.9572697281837463,3.7648203372955322,-0.05485133081674576,0.0
2026-06-09 20:00:00,22.54709815979004,0.9620980024337769,7.323673725128174,-0.07532564550638199,0.0
2026-06-09 21:00:00,22.218381881713867,0.9609119892120361,5.777332782745361,-0.005019285250455141,0.0
2026-06-09 22:00:00,21.948942184448242,0.9556589126586914,3.7415964603424072,-0.07424179464578629,0.0
2026-06-09 23:00:00,21.72251319885254,0.9552228450775146,4.245319843292236,-0.1220499649643898,0.0
2026-06-10 00:00:00,21.543933868408203,0.9577406048774719,3.7332346439361572,-0.11428049951791763,0.0
2026-06-10 01:00:00,21.327228546142578,0.9566999673843384,8.464893341064453,-0.1701204627752304,0.0
2026-06-10 02:00:00,20.906126022338867,0.9486063122749329,-7.196254253387451,-0.18343277275562286,0.0
2026-06-10 03:00:00,20.70026397705078,0.947735607624054,-12.905574798583984,-0.12220603972673416,0.0
2026-06-10 04:00:00,20.53855323791504,0.9571852087974548,-15.19118881225586,-0.003340237308293581,0.0
2026-06-10 05:00:00,20.114011764526367,0.9543675780296326,-25.805660247802734,0.02683968096971512,0.0
2026-06-10 06:00:00,20.24974250793457,0.9340136647224426,-5.961482524871826,0.07002081722021103,0.0
2026-06-10 07:00:00,21.60860252380371,0.8891751170158386,82.09993743896484,0.09982066601514816,0.0
2026-06-10 08:00:00,23.456581115722656,0.808003842830658,253.44886779785156,0.057066909968853,0.0
2026-06-10 09:00:00,25.196537017822266,0.7223416566848755,460.43701171875,0.13096995651721954,1.0
2026-06-10 10:00:00,26.61855697631836,0.6599114537239075,613.2391967773438,0.09295385330915451,0.0
2026-06-10 11:00:00,27.470558166503906,0.6314389109611511,696.5409545898438,0.03159492462873459,0.0
2026-06-10 12:00:00,27.86302375793457,0.6351272463798523,715.6314086914062,0.10996947437524796,1.0
2026-06-10 13:00:00,27.740966796875,0.6631312966346741,685.1820068359375,0.4447767436504364,2.0
2026-06-10 14:00:00,27.056446075439453,0.7022749185562134,595.1820068359375,0.7469159364700317,2.0
2026-06-10 15:00:00,26.2345027923584,0.749894380569458,469.4479064941406,0.7473628520965576,2.0
2026-06-10 16:00:00,25.399269104003906,0.7974455952644348,317.578369140625,0.5219533443450928,2.0
2026-06-10 17:00:00,24.119638442993164,0.8539859056472778,171.1751251220703,0.19728879630565643,1.0
2026-06-10 18:00:00,23.135467529296875,0.9115870594978333,55.32394790649414,0.06542190164327621,1.0
2026-06-10 19:00:00,22.72998046875,0.9509484767913818,9.707340240478516,-0.06211719661951065,0.0
2026-06-10 20:00:00,22.371501922607422,0.9576800465583801,6.204151630401611,-0.024597980082035065,0.0
2026-06-10 21:00:00,22.055551528930664,0.9493231773376465,4.171162128448486,-0.013184614479541779,0.0
2026-06-10 22:00:00,21.9781436920166,0.942565381526947,2.0833628177642822,-0.018879331648349762,0.0
2026-06-10 23:00:00,21.716047286987305,0.9444402456283569,6.039341449737549,-0.12105388194322586,0.0
2026-06-11 00:00:00,21.58464241027832,0.9561896324157715,11.240039825439453,-0.15536613762378693,0.0
2026-06-11 01:00:00,21.441951751708984,0.95631343126297,9.691425323486328,-0.12193024903535843,0.0
2026-06-11 02:00:00,21.007572174072266,0.9536553621292114,-7.178782939910889,-0.1279648095369339,0.0
2026-06-11 03:00:00,20.721145629882812,0.9438593983650208,-7.878032207489014,-0.03607857972383499,0.0
2026-06-11 04:00:00,20.49187660217285,0.9397823214530945,-12.414104461669922,-0.02072424441576004,0.0
2026-06-11 05:00:00,20.132917404174805,0.932285726070404,-19.242916107177734,-0.050766415894031525,0.0
2026-06-11 06:00:00,20.215370178222656,0.9200423955917358,-4.377360820770264,-0.02115020900964737,0.0
2026-06-11 07:00:00,21.579837799072266,0.8862711787223816,85.36070251464844,0.009996674954891205,0.0
2026-06-11 08:00:00,23.37431526184082,0.8218525052070618,253.73004150390625,0.07169168442487717,0.0
2026-06-11 09:00:00,25.172348022460938,0.7448601722717285,463.9984436035156,-0.045305319130420685,0.0
2026-06-11 10:00:00,26.71308135986328,0.6789759993553162,629.0709228515625,-0.054744817316532135,0.0
2026-06-11 11:00:00,27.546314239501953,0.6537525653839111,712.95361328125,-0.06261337548494339,1.0
2026-06-11 12:00:00,27.956130981445312,0.6509469151496887,736.5786743164062,0.05503696948289871,2.0
2026-06-11 13:00:00,27.848051071166992,0.6737863421440125,694.6644897460938,0.2663901448249817,2.0
2026-06-11 14:00:00,26.974260330200195,0.7119553089141846,603.2633666992188,0.4633590281009674,2.0
2026-06-11 15:00:00,26.23163414001465,0.7597697973251343,481.7863464355469,0.6259015202522278,2.0
2026-06-11 16:00:00,25.315013885498047,0.8119425177574158,326.2131652832031,0.43508827686309814,2.0
2026-06-11 17:00:00,24.10292625427246,0.87367844581604,183.99827575683594,0.05818630009889603,2.0
2026-06-11 18:00:00,23.133386611938477,0.9253410696983337,65.23926544189453,-0.15126968920230865,1.0
2026-06-11 19:00:00,22.618988037109375,0.9641594290733337,9.082950592041016,-0.19693119823932648,1.0
2026-06-11 20:00:00,22.19024085998535,0.9779151678085327,12.166156768798828,-0.18287520110607147,0.0
2026-06-11 21:00:00,21.729320526123047,0.9692637920379639,9.377933502197266,-0.2018168717622757,0.0
2026-06-11 22:00:00,21.53311538696289,0.9636723399162292,-2.2852590084075928,-0.22520937025547028,0.0
2026-06-11 23:00:00,21.36652374267578,0.9646864533424377,-9.662456512451172,-0.3196731209754944,0.0
2026-06-12 00:00:00,21.288969039916992,0.9630206227302551,4.427753925323486,-0.3004971742630005,0.0
2026-06-12 01:00:00,21.258726119995117,0.9670700430870056,2.7973368167877197,-0.24662606418132782,0.0
2026-06-12 02:00:00,20.980905532836914,0.9664158821105957,2.6496012210845947,-0.2267017513513565,0.0
2026-06-12 03:00:00,20.92369270324707,0.951444149017334,0.8167613744735718,-0.2364834100008011,0.0
2026-06-12 04:00:00,20.949020385742188,0.9371594190597534,-0.4214741289615631,-0.13054703176021576,0.0
2026-06-12 05:00:00,20.44997215270996,0.9371318817138672,-9.035717010498047,-0.08242178708314896,0.0
2026-06-12 06:00:00,20.570077896118164,0.9254072308540344,-5.060924053192139,-0.1504250019788742,0.0
2026-06-12 07:00:00,21.927061080932617,0.8832255601882935,76.20337677001953,-0.08231747895479202,0.0
2026-06-12 08:00:00,23.66071891784668,0.805816650390625,257.5920715332031,-0.0499400869011879,0.0
2026-06-12 09:00:00,25.35239601135254,0.7254945039749146,463.1995544433594,0.01849912852048874,0.0
2026-06-12 10:00:00,26.701021194458008,0.6596856117248535,616.6669921875,-0.03683844953775406,0.0
2026-06-12 11:00:00,27.56089973449707,0.627682626247406,707.0545654296875,-0.04120326787233353,0.0
2026-06-12 12:00:00,27.879261016845703,0.6250905990600586,723.595458984375,0.08888567239046097,1.0
2026-06-12 13:00:00,27.560670852661133,0.6481755375862122,673.8631591796875,0.24502885341644287,1.0
2026-06-12 14:00:00,26.821123123168945,0.6891366243362427,582.5150146484375,0.6576066017150879,2.0
2026-06-12 15:00:00,26.0705509185791,0.7343577742576599,461.994140625,0.8879548907279968,2.0
2026-06-12 16:00:00,25.261051177978516,0.7922725081443787,325.5032653808594,0.6350921988487244,2.0
2026-06-12 17:00:00,24.102876663208008,0.8660137057304382,168.8623504638672,0.4006928503513336,1.0
2026-06-12 18:00:00,23.06328773498535,0.9362276792526245,54.47404861450195,0.07116686552762985,1.0
2026-06-12 19:00:00,22.61934471130371,0.980707585811615,9.863468170166016,-0.023805536329746246,0.0
2026-06-12 20:00:00,22.21636390686035,0.9736663699150085,8.296009063720703,-0.007572658825665712,0.0
2026-06-12 21:00:00,21.894132614135742,0.9753238558769226,16.079730987548828,0.06375925987958908,0.0
2026-06-12 22:00:00,21.681791305541992,0.9746387004852295,3.7507669925689697,0.0550219789147377,0.0
2026-06-12 23:00:00,21.618764877319336,0.9711641073226929,9.466861724853516,-0.060610778629779816,0.0
2026-06-13 00:00:00,21.52390480041504,0.9744622707366943,20.153934478759766,-0.17008180916309357,0.0
2026-06-13 01:00:00,21.356687545776367,0.9730157852172852,15.638233184814453,-0.20281176269054413,0.0
2026-06-13 02:00:00,21.07131004333496,0.9712271094322205,24.479923248291016,-0.16174127161502838,0.0
2026-06-13 03:00:00,20.958406448364258,0.96232008934021,17.281360626220703,-0.15441159904003143,0.0
2026-06-13 04:00:00,20.870933532714844,0.9625916481018066,12.698841094970703,-0.31539714336395264,0.0
2026-06-13 05:00:00,20.41580581665039,0.9542044997215271,3.0068857669830322,-0.30898672342300415,0.0
2026-06-13 06:00:00,20.571746826171875,0.9446607232093811,8.449420928955078,-0.2718456983566284,0.0
2026-06-13 07:00:00,21.807126998901367,0.9073776006698608,78.85938262939453,-0.13712139427661896,0.0
2026-06-13 08:00:00,23.5506649017334,0.837611198425293,250.55751037597656,-0.1140713170170784,0.0
2026-06-13 09:00:00,25.21146583557129,0.7467836141586304,454.8804016113281,-0.07130423933267593,0.0
2026-06-13 10:00:00,26.56722068786621,0.6835945844650269,610.8388061523438,-0.05368984490633011,0.0
2026-06-13 11:00:00,27.394577026367188,0.6496003866195679,695.3362426757812,0.013468734920024872,0.0
2026-06-13 12:00:00,27.567296981811523,0.6550434231758118,710.67138671875,0.12105000764131546,1.0
2026-06-13 13:00:00,27.434049606323242,0.6756098866462708,674.8262939453125,0.39382293820381165,1.0
2026-06-13 14:00:00,26.674177169799805,0.7145801782608032,585.6909790039062,0.6556711196899414,2.0
2026-06-13 15:00:00,26.136816024780273,0.7683873772621155,453.9302978515625,0.7401511669158936,2.0
2026-06-13 16:00:00,25.240013122558594,0.8228952884674072,318.4654846191406,0.6558385491371155,2.0
2026-06-13 17:00:00,24.076229095458984,0.8859093189239502,166.74234008789062,0.4088398516178131,1.0
2026-06-13 18:00:00,23.189546585083008,0.9395396709442139,53.12184524536133,0.04886776953935623,0.0
2026-06-13 19:00:00,22.80006980895996,0.9685510396957397,2.5902750492095947,0.013869129121303558,0.0
2026-06-13 20:00:00,22.341821670532227,0.9726424217224121,6.466572284698486,0.0629650130867958,0.0
2026-06-13 21:00:00,21.799585342407227,0.9684207439422607,8.971820831298828,0.16409417986869812,1.0
2026-06-13 22:00:00,21.71695899963379,0.9650321006774902,-0.11663403362035751,0.06584220379590988,0.0
2026-06-13 23:00:00,21.524694442749023,0.9607411623001099,8.792301177978516,-0.007530816365033388,0.0
2026-06-14 00:00:00,21.337684631347656,0.9633600115776062,17.594654083251953,0.022372819483280182,0.0
2026-06-14 01:00:00,21.281705856323242,0.9631221890449524,9.261585235595703,0.01089467853307724,0.0
2026-06-14 02:00:00,20.828596115112305,0.9540449380874634,24.139667510986328,-0.0727911964058876,0.0
2026-06-14 03:00:00,20.668357849121094,0.9433548450469971,22.88675308227539,0.004439554642885923,0.0
2026-06-14 04:00:00,20.531015396118164,0.9408283829689026,19.406436920166016,-0.026111848652362823,0.0
2026-06-14 05:00:00,20.090208053588867,0.9333653450012207,-0.5100818872451782,-0.0789140835404396,0.0
2026-06-14 06:00:00,20.13683319091797,0.9221169948577881,10.338611602783203,-0.1010357216000557,0.0
2026-06-14 07:00:00,21.487789154052734,0.8727776408195496,87.04924011230469,-0.138966903090477,0.0
2026-06-14 08:00:00,23.365257263183594,0.8024226427078247,260.1349792480469,-0.12073493748903275,0.0
2026-06-14 09:00:00,25.097030639648438,0.7270710468292236,455.095947265625,-0.11954987794160843,0.0
2026-06-14 10:00:00,26.502656936645508,0.6651606559753418,614.6234130859375,-0.1743861585855484,0.0
2026-06-14 11:00:00,27.301990509033203,0.6411775350570679,702.1139526367188,-0.08691952377557755,0.0
2026-06-14 12:00:00,27.515666961669922,0.637307345867157,715.08935546875,0.027553103864192963,1.0
2026-06-14 13:00:00,27.34741973876953,0.6554204821586609,675.6376342773438,0.19628176093101501,1.0
2026-06-14 14:00:00,26.590776443481445,0.6779232621192932,602.1465454101562,0.5152172446250916,2.0
2026-06-14 15:00:00,25.801483154296875,0.7327441573143005,476.46661376953125,0.6819041967391968,2.0
2026-06-14 16:00:00,24.87652015686035,0.7952633500099182,321.11846923828125,0.5865057706832886,2.0
2026-06-14 17:00:00,23.59244728088379,0.8478379249572754,176.49978637695312,0.11302309483289719,1.0
2026-06-14 18:00:00,22.68195915222168,0.9064224362373352,70.24634552001953,-0.029263503849506378,0.0
2026-06-14 19:00:00,22.208532333374023,0.9412158727645874,18.405078887939453,-0.21060927212238312,0.0
2026-06-14 20:00:00,21.89617919921875,0.9484148025512695,12.22574234008789,-0.033101506531238556,0.0
2026-06-14 21:00:00,21.64320945739746,0.9537945985794067,14.123126983642578,-0.040522582828998566,0.0
2026-06-14 22:00:00,21.564308166503906,0.9452623724937439,9.204730987548828,-0.13658882677555084,0.0
2026-06-14 23:00:00,21.495729446411133,0.9537296891212463,9.110767364501953,-0.19034023582935333,0.0
2026-06-15 00:00:00,21.420654296875,0.9508482217788696,20.806385040283203,-0.21096457540988922,0.0
2026-06-15 01:00:00,21.30862808227539,0.9489339590072632,21.75918960571289,-0.15873391926288605,0.0
2026-06-15 02:00:00,20.82339859008789,0.9407204389572144,10.847339630126953,-0.16072534024715424,0.0
2026-06-15 03:00:00,20.722761154174805,0.935332715511322,11.95871353149414,0.0023469100706279278,0.0
2026-06-15 04:00:00,20.733028411865234,0.9346302151679993,3.2863810062408447,-0.02979520708322525,0.0
2026-06-15 05:00:00,20.235382080078125,0.9360993504524231,-5.971431255340576,0.02098333090543747,0.0
2026-06-15 06:00:00,20.399850845336914,0.9222263693809509,8.969623565673828,0.01914224773645401,0.0
2026-06-15 07:00:00,21.718435287475586,0.8831783533096313,89.26118469238281,0.002565197180956602,0.0
2026-06-15 08:00:00,23.45290756225586,0.814645528793335,248.74822998046875,0.07376684993505478,0.0
2026-06-15 09:00:00,25.17414093017578,0.7265954613685608,450.9813232421875,0.0009210030548274517,0.0
2026-06-15 10:00:00,26.48604393005371,0.657813549041748,613.3873901367188,-0.05446646362543106,0.0
2026-06-15 11:00:00,27.220317840576172,0.6267041563987732,705.9296264648438,-0.066055066883564,1.0
2026-06-15 12:00:00,27.390892028808594,0.6302492022514343,729.0487670898438,0.03744276612997055,1.0
2026-06-15 13:00:00,27.229307174682617,0.6413411498069763,679.1585083007812,0.36862918734550476,1.0
2026-06-15 14:00:00,26.451858520507812,0.672196090221405,597.1361083984375,0.5640106201171875,2.0
2026-06-15 15:00:00,25.75078773498535,0.7199028134346008,467.28082275390625,0.6800467371940613,2.0
2026-06-15 16:00:00,24.876012802124023,0.7845414280891418,310.58746337890625,0.5689314007759094,2.0
2026-06-15 17:00:00,23.474132537841797,0.8480178117752075,161.46719360351562,0.22385470569133759,1.0
2026-06-15 18:00:00,22.518936157226562,0.9114581942558289,59.00270462036133,0.038050346076488495,1.0
2026-06-15 19:00:00,22.182178497314453,0.9501164555549622,8.822101593017578,-0.08415234833955765,0.0
2026-06-15 20:00:00,21.89177894592285,0.9559915065765381,7.353870868682861,-0.06560996919870377,0.0
2026-06-15 21:00:00,21.639982223510742,0.9536387920379639,6.147511005401611,-0.10223454982042313,0.0
2026-06-15 22:00:00,21.445140838623047,0.9576928019523621,4.474415302276611,-0.24691812694072723,0.0
2026-06-15 23:00:00,21.280506134033203,0.9599539041519165,12.753925323486328,-0.3508445620536804,0.0
2026-06-16 00:00:00,21.202438354492188,0.9610739946365356,25.50278091430664,-0.15082810819149017,0.0
2026-06-16 01:00:00,21.047382354736328,0.9576801657676697,38.6697883605957,-0.1220114603638649,0.0
2026-06-16 02:00:00,20.680294036865234,0.9428057074546814,31.59177017211914,-0.10468233376741409,0.0
2026-06-16 03:00:00,20.642982482910156,0.9406464099884033,11.776065826416016,-0.03084070235490799,0.0
2026-06-16 04:00:00,20.55147933959961,0.9348028302192688,19.146320343017578,0.03163444250822067,0.0
2026-06-16 05:00:00,20.11992645263672,0.9291409254074097,2.7981150150299072,0.05191291123628616,0.0
2026-06-16 06:00:00,20.12860870361328,0.9215310215950012,11.557788848876953,0.08864647895097733,0.0
2026-06-16 07:00:00,21.418718338012695,0.8747419118881226,93.92182159423828,0.020886413753032684,0.0
2026-06-16 08:00:00,23.207670211791992,0.7979294061660767,263.1993103027344,0.13594365119934082,1.0
2026-06-16 09:00:00,24.976879119873047,0.7118128538131714,460.87408447265625,0.035706065595149994,0.0
2026-06-16 10:00:00,26.272972106933594,0.6521641612052917,621.1409301757812,-0.1759577840566635,1.0
2026-06-16 11:00:00,27.140460968017578,0.6207834482192993,688.3143920898438,-0.14105187356472015,1.0
2026-06-16 12:00:00,27.388521194458008,0.6142264604568481,718.1927490234375,-0.04204774647951126,1.0
2026-06-16 13:00:00,27.241811752319336,0.6285728216171265,682.8128051757812,0.2719231843948364,2.0
2026-06-16 14:00:00,26.399240493774414,0.6677688956260681,599.1104736328125,0.5618754029273987,2.0
2026-06-16 15:00:00,25.594223022460938,0.7117628455162048,468.3661193847656,0.6900373697280884,2.0
2026-06-16 16:00:00,24.852561950683594,0.7708404660224915,327.56787109375,0.7166537046432495,2.0
2026-06-16 17:00:00,23.583425521850586,0.8345248103141785,172.05088806152344,0.31362563371658325,1.0
2026-06-16 18:00:00,22.5737361907959,0.9029944539070129,63.84486770629883,0.16249777376651764,1.0
2026-06-16 19:00:00,22.290164947509766,0.943148672580719,5.868839740753174,-0.019054271280765533,0.0
2026-06-16 20:00:00,21.96322250366211,0.9465485215187073,6.060795307159424,-0.08935869485139847,0.0
2026-06-16 21:00:00,21.73567771911621,0.9446362257003784,6.159138202667236,-0.03622791916131973,0.0
2026-06-16 22:00:00,21.537490844726562,0.944828987121582,-5.123683452606201,-0.15543730556964874,0.0
2026-06-16 23:00:00,21.346038818359375,0.9472687840461731,1.1378520727157593,-0.2871636748313904,0.0
2026-06-17 00:00:00,21.253345489501953,0.9467870593070984,10.347721099853516,-0.2824013829231262,0.0
2026-06-17 01:00:00,21.02777099609375,0.9432095289230347,16.898456573486328,-0.27474313974380493,0.0
2026-06-17 02:00:00,20.684226989746094,0.937728226184845,14.769336700439453,-0.16986913979053497,0.0
2026-06-17 03:00:00,20.516071319580078,0.9340444803237915,10.15494155883789,-0.12319079786539078,0.0
2026-06-17 04:00:00,20.47014617919922,0.9260914921760559,-0.4497028887271881,-0.06469721347093582,0.0
2026-06-17 05:00:00,20.082244873046875,0.9250949621200562,-11.986248016357422,-0.02165324240922928,0.0
2026-06-17 06:00:00,20.119510650634766,0.9185645580291748,-2.4262349605560303,-0.033392585813999176,0.0
2026-06-17 07:00:00,21.43085479736328,0.8719730377197266,73.0628890991211,0.04454661160707474,0.0
2026-06-17 08:00:00,23.10092544555664,0.7956081032752991,250.9669952392578,0.003088704776018858,0.0
2026-06-17 09:00:00,24.797407150268555,0.7154009938240051,450.6021728515625,-0.15101827681064606,0.0
2026-06-17 10:00:00,26.134925842285156,0.6522427797317505,607.0707397460938,-0.37661510705947876,0.0
2026-06-17 11:00:00,26.88770294189453,0.6280953884124756,680.4817504882812,-0.22973017394542694,0.0
2026-06-17 12:00:00,27.104326248168945,0.615103006362915,708.7064208984375,-0.3092104196548462,1.0
2026-06-17 13:00:00,26.92803955078125,0.629690945148468,672.3472290039062,0.05601910501718521,1.0
2026-06-17 14:00:00,26.156917572021484,0.6630268692970276,587.9743041992188,0.3797159194946289,2.0
2026-06-17 15:00:00,25.502674102783203,0.7054724097251892,470.025146484375,0.3561808466911316,2.0
2026-06-17 16:00:00,24.63717269897461,0.7586694359779358,322.94134521484375,0.4004530906677246,1.0
2026-06-17 17:00:00,23.571990966796875,0.8241944909095764,179.06838989257812,0.13882657885551453,1.0
2026-06-17 18:00:00,22.667966842651367,0.8931369185447693,64.87352752685547,0.034940801560878754,1.0
2026-06-17 19:00:00,22.296358108520508,0.9266270399093628,7.956348896026611,-0.07976088672876358,1.0
2026-06-17 20:00:00,21.89973258972168,0.9321545958518982,10.848499298095703,-0.13591749966144562,0.0
2026-06-17 21:00:00,21.564584732055664,0.9317526817321777,13.805011749267578,-0.18246649205684662,0.0
2026-06-17 22:00:00,21.43155288696289,0.9321556687355042,2.0697214603424072,-0.21119655668735504,0.0
2026-06-17 23:00:00,21.240705490112305,0.9302017688751221,6.887577533721924,-0.25425344705581665,0.0
2026-06-18 00:00:00,21.089725494384766,0.9371721148490906,12.58823013305664,-0.3000527024269104,0.0
2026-06-18 01:00:00,21.04294776916504,0.9313005208969116,12.791767120361328,-0.27129656076431274,0.0
2026-06-18 02:00:00,20.46944808959961,0.9213780760765076,16.033557891845703,-0.20806251466274261,0.0
2026-06-18 03:00:00,20.4488468170166,0.9128596782684326,4.858448505401611,-0.17363126575946808,0.0
2026-06-18 04:00:00,20.30533218383789,0.9149924516677856,12.620609283447266,-0.07552439719438553,0.0
2026-06-18 05:00:00,19.87380599975586,0.9099709987640381,-3.0245473384857178,-0.08912337571382523,0.0
2026-06-18 06:00:00,20.04314613342285,0.905980110168457,11.514362335205078,-0.01622641831636429,0.0
2026-06-18 07:00:00,21.300983428955078,0.8688269853591919,90.71144104003906,0.0475492998957634,0.0
2026-06-18 08:00:00,23.00169563293457,0.8023130893707275,265.35784912109375,-0.07299701124429703,0.0
2026-06-18 09:00:00,24.6811580657959,0.7280562520027161,474.9184875488281,-0.030867822468280792,0.0
2026-06-18 10:00:00,25.994125366210938,0.6546838283538818,627.6946411132812,-0.24295882880687714,0.0
2026-06-18 11:00:00,26.74209976196289,0.6275521516799927,716.9332275390625,-0.4025976061820984,1.0
2026-06-18 12:00:00,26.95621109008789,0.6302427649497986,742.2301635742188,-0.4041551351547241,1.0
2026-06-18 13:00:00,26.793149948120117,0.6460551023483276,694.375732421875,-0.22732965648174286,1.0
2026-06-18 14:00:00,26.17502212524414,0.6874514222145081,623.0027465820312,-0.017246194183826447,2.0
2026-06-18 15:00:00,25.442975997924805,0.7330631017684937,493.3163757324219,0.124660424888134,2.0
2026-06-18 16:00:00,24.488441467285156,0.7730737924575806,332.28857421875,0.05460634082555771,1.0
2026-06-18 17:00:00,23.29525375366211,0.842047929763794,178.57362365722656,-0.26390743255615234,1.0
2026-06-18 18:00:00,22.539770126342773,0.9056800007820129,67.5561752319336,-0.4113995432853699,1.0
2026-06-18 19:00:00,22.14581871032715,0.9395474195480347,21.281497955322266,-0.46547216176986694,1.0
2026-06-18 20:00:00,21.94420623779297,0.9427878856658936,23.275516510009766,-0.3332376480102539,0.0
2026-06-18 21:00:00,21.51856803894043,0.934725821018219,26.274784088134766,-0.20661146938800812,0.0
2026-06-18 22:00:00,21.248384475708008,0.9346925020217896,4.844852924346924,-0.2123207300901413,0.0
2026-06-18 23:00:00,21.03333282470703,0.9326760172843933,9.48422622680664,-0.2891671657562256,0.0
2026-06-19 00:00:00,20.898916244506836,0.9446098208427429,24.121814727783203,-0.20491231977939606,0.0
2026-06-19 01:00:00,20.813446044921875,0.941663384437561,24.638996124267578,-0.13863740861415863,0.0
2026-06-19 02:00:00,20.483104705810547,0.933157205581665,4.510410785675049,-0.04636353999376297,0.0
2026-06-19 03:00:00,20.400428771972656,0.9277675151824951,5.211430072784424,0.10274644941091537,1.0
2026-06-19 04:00:00,20.296110153198242,0.926489531993866,1.4578441381454468,0.09853876382112503,0.0
2026-06-19 05:00:00,19.91680335998535,0.922379195690155,-11.883373260498047,0.0757942870259285,0.0
2026-06-19 06:00:00,20.022823333740234,0.917570173740387,3.8424723148345947,0.07613760977983475,0.0
2026-06-19 07:00:00,21.2585506439209,0.8853904604911804,93.10436248779297,0.024972938001155853,0.0
2026-06-19 08:00:00,22.953330993652344,0.8155480623245239,262.843017578125,-0.009391970932483673,0.0
2026-06-19 09:00:00,24.561254501342773,0.7325866222381592,475.7780456542969,-0.09268484264612198,0.0
2026-06-19 10:00:00,25.836952209472656,0.6728419661521912,637.8707885742188,-0.17522276937961578,0.0
2026-06-19 11:00:00,26.595142364501953,0.6425440311431885,712.1583251953125,-0.23393966257572174,1.0
2026-06-19 12:00:00,26.76955795288086,0.6421540379524231,728.1920166015625,-0.13104651868343353,1.0
2026-06-19 13:00:00,26.646770477294922,0.6587023735046387,692.4174194335938,0.055382587015628815,1.0
2026-06-19 14:00:00,25.90743637084961,0.6818641424179077,600.3327026367188,0.3153313100337982,1.0
2026-06-19 15:00:00,25.303388595581055,0.7145928144454956,475.9881591796875,0.311023473739624,1.0
2026-06-19 16:00:00,24.43963623046875,0.7779781222343445,325.28240966796875,0.19322426617145538,1.0
2026-06-19 17:00:00,23.36128807067871,0.830877959728241,179.5482635498047,-0.006046481896191835,1.0
2026-06-19 18:00:00,22.53095054626465,0.894180417060852,63.694644927978516,-0.14588256180286407,0.0
2026-06-19 19:00:00,22.235227584838867,0.9310959577560425,6.711903095245361,-0.08024708181619644,0.0
2026-06-19 20:00:00,21.854013442993164,0.9481312036514282,1.9759563207626343,-0.15271703898906708,0.0
2026-06-19 21:00:00,21.450037002563477,0.9360397458076477,4.900303363800049,-0.08636043220758438,0.0
2026-06-19 22:00:00,21.30497932434082,0.9240404963493347,-0.16880382597446442,-0.11038128286600113,0.0
2026-06-19 23:00:00,21.2061824798584,0.9289612174034119,3.8154337406158447,-0.31882619857788086,0.0
2026-06-20 00:00:00,21.026336669921875,0.9306148290634155,12.305667877197266,-0.29575854539871216,0.0
2026-06-20 01:00:00,20.90981674194336,0.9282212257385254,11.092838287353516,-0.26501893997192383,0.0
2026-06-20 02:00:00,20.496997833251953,0.9217576384544373,8.861713409423828,-0.1989423781633377,0.0
2026-06-20 03:00:00,20.35910415649414,0.9202815890312195,-0.2774006426334381,-0.04830581694841385,0.0
2026-06-20 04:00:00,20.290536880493164,0.9212600588798523,-6.951274394989014,-0.11048067361116409,0.0
2026-06-20 05:00:00,19.86189079284668,0.9253929853439331,-11.382137298583984,-0.07287878543138504,0.0
2026-06-20 06:00:00,19.92213249206543,0.911852240562439,-1.8972431421279907,-0.0995791032910347,0.0
2026-06-20 07:00:00,21.179792404174805,0.8763139843940735,85.85852813720703,0.018500693142414093,0.0
2026-06-20 08:00:00,22.901988983154297,0.8041874766349792,261.10577392578125,-0.051068224012851715,0.0
2026-06-20 09:00:00,24.530269622802734,0.7274957895278931,463.1023254394531,-0.07437089830636978,0.0
2026-06-20 10:00:00,25.754169464111328,0.6601910591125488,620.556640625,-0.08586601167917252,1.0
2026-06-20 11:00:00,26.414127349853516,0.6265522837638855,707.7913818359375,-0.08944789320230484,1.0
2026-06-20 12:00:00,26.65501594543457,0.6148826479911804,735.1563110351562,0.22374723851680756,1.0
2026-06-20 13:00:00,26.65855598449707,0.6273170709609985,682.885498046875,0.5190915465354919,2.0
2026-06-20 14:00:00,25.891376495361328,0.6573958396911621,577.3925170898438,0.804250955581665,2.0
2026-06-20 15:00:00,25.142107009887695,0.7014641761779785,460.01202392578125,0.8522680401802063,2.0
2026-06-20 16:00:00,24.32813262939453,0.7528984546661377,316.5284118652344,0.6152501702308655,2.0
2026-06-20 17:00:00,23.236730575561523,0.8094346523284912,164.907958984375,0.23242156207561493,1.0
2026-06-20 18:00:00,22.380483627319336,0.8677420020103455,51.51968765258789,0.013880111277103424,1.0
2026-06-20 19:00:00,22.07838249206543,0.8978984355926514,2.6747019290924072,-0.11508563905954361,0.0
2026-06-20 20:00:00,21.70931053161621,0.9033442139625549,8.683597564697266,-0.06799203902482986,0.0
2026-06-20 21:00:00,21.375892639160156,0.9025277495384216,13.588977813720703,0.005031726788729429,0.0
2026-06-20 22:00:00,21.16226577758789,0.9061355590820312,5.765369892120361,-0.08471740037202835,0.0
2026-06-20 23:00:00,21.087759017944336,0.9061927199363708,5.258533954620361,-0.1679271012544632,0.0
2026-06-21 00:00:00,20.935932159423828,0.9079606533050537,12.311237335205078,-0.20264528691768646,0.0
2026-06-21 01:00:00,20.867429733276367,0.9123777151107788,13.985523223876953,-0.3308403491973877,0.0
2026-06-21 02:00:00,20.454347610473633,0.9154804944992065,-0.8576923608779907,-0.21192435920238495,0.0
2026-06-21 03:00:00,20.119295120239258,0.9226906299591064,-11.314342498779297,-0.12825645506381989,0.0
2026-06-21 04:00:00,19.991971969604492,0.9284758567810059,-14.25515365600586,0.0038840691559016705,0.0
2026-06-21 05:00:00,19.677764892578125,0.9192905426025391,-18.183895111083984,0.00055261654779315,0.0
2026-06-21 06:00:00,19.689733505249023,0.9144710302352905,4.684132099151611,0.023790232837200165,0.0
2026-06-21 07:00:00,21.00545883178711,0.8775627017021179,100.8681869506836,0.016591526567935944,0.0
2026-06-21 08:00:00,22.764419555664062,0.8050314784049988,274.8623962402344,-0.026999719440937042,0.0
2026-06-21 09:00:00,24.370580673217773,0.721731424331665,479.1373291015625,-0.046799369156360626,0.0
2026-06-21 10:00:00,25.684080123901367,0.6527037620544434,635.5728759765625,-0.053770847618579865,1.0
2026-06-21 11:00:00,26.491708755493164,0.6178696155548096,721.6819458007812,0.09206531196832657,1.0
2026-06-21 12:00:00,26.7761287689209,0.6016645431518555,731.0117797851562,0.24912157654762268,1.0
2026-06-21 13:00:00,26.634370803833008,0.6104704141616821,677.018310546875,0.6687884330749512,2.0
2026-06-21 14:00:00,25.97117042541504,0.6334238052368164,586.879638671875,0.9583349227905273,2.0
2026-06-21 15:00:00,25.262361526489258,0.671993613243103,476.91387939453125,1.027732491493225,2.0
2026-06-21 16:00:00,24.434232711791992,0.7179107069969177,321.7728271484375,0.8769339323043823,2.0
2026-06-21 17:00:00,23.41001319885254,0.7869504690170288,165.69639587402344,0.39573222398757935,1.0
2026-06-21 18:00:00,22.532289505004883,0.8430414795875549,47.58601760864258,0.1549931913614273,1.0
2026-06-21 19:00:00,22.21190071105957,0.8771665692329407,1.1580394506454468,-0.019128568470478058,1.0
2026-06-21 20:00:00,21.85193634033203,0.8881690502166748,-3.3910481929779053,0.008900128304958344,0.0
2026-06-21 21:00:00,21.52191162109375,0.8943774104118347,0.6776622533798218,0.07426150888204575,0.0
2026-06-21 22:00:00,21.419710159301758,0.8944863677024841,-5.566081523895264,0.0074369232170283794,0.0
2026-06-21 23:00:00,21.130107879638672,0.9061260223388672,3.0236551761627197,-0.1007314994931221,0.0
2026-06-22 00:00:00,20.903596878051758,0.90693598985672,16.10751724243164,-0.20630209147930145,0.0
2026-06-22 01:00:00,20.706951141357422,0.9052695631980896,18.545902252197266,-0.1729721873998642,0.0
2026-06-22 02:00:00,20.348459243774414,0.9113332033157349,13.464466094970703,-0.13953398168087006,0.0
2026-06-22 03:00:00,20.23899269104004,0.907113790512085,6.904133319854736,-0.009239234030246735,0.0
2026-06-22 04:00:00,20.156099319458008,0.908117949962616,1.4574321508407593,-0.02499852329492569,0.0
2026-06-22 05:00:00,19.723587036132812,0.9117754697799683,-3.6251637935638428,-0.0701257660984993,0.0
2026-06-22 06:00:00,19.715782165527344,0.907882034778595,15.490543365478516,-0.12322641164064407,0.0
2026-06-22 07:00:00,20.909669876098633,0.8750913739204407,109.75011444091797,-0.29151225090026855,0.0
2026-06-22 08:00:00,22.49246597290039,0.7999816536903381,286.8799133300781,-0.23243795335292816,0.0
2026-06-22 09:00:00,24.170272827148438,0.7201632261276245,481.7682189941406,-0.28246021270751953,0.0
2026-06-22 10:00:00,25.439739227294922,0.6535468101501465,635.7193603515625,-0.27993714809417725,0.0
2026-06-22 11:00:00,26.207603454589844,0.6112324595451355,707.3970947265625,-0.133341446518898,0.0
2026-06-22 12:00:00,26.575145721435547,0.595211386680603,711.4520263671875,0.0941261574625969,1.0
2026-06-22 13:00:00,26.45717430114746,0.6004171967506409,661.6009521484375,0.454304963350296,1.0
2026-06-22 14:00:00,25.818723678588867,0.6204747557640076,573.9703979492188,0.7071210145950317,2.0
2026-06-22 15:00:00,25.222440719604492,0.661916971206665,468.0729064941406,0.7981277108192444,2.0
2026-06-22 16:00:00,24.31682014465332,0.71192467212677,320.1241455078125,0.8086858987808228,2.0
2026-06-22 17:00:00,23.317459106445312,0.77168208360672,172.83383178710938,0.3760693669319153,1.0
2026-06-22 18:00:00,22.518404006958008,0.8376674652099609,54.803348541259766,0.04896079748868942,1.0
2026-06-22 19:00:00,22.133777618408203,0.8712249994277954,-2.8958089351654053,-0.06619564443826675,0.0
2026-06-22 20:00:00,21.7871150970459,0.8887799382209778,1.5956767797470093,-0.14611075818538666,0.0
2026-06-22 21:00:00,21.38334083557129,0.9013245701789856,-2.4424703121185303,-0.08582151681184769,0.0
2026-06-22 22:00:00,21.009082794189453,0.9008913636207581,-5.788066387176514,-0.13715891540050507,0.0
2026-06-22 23:00:00,20.903400421142578,0.902207612991333,7.263020038604736,-0.21073229610919952,0.0
2026-06-23 00:00:00,20.649242401123047,0.9073941707611084,13.460712432861328,-0.24801750481128693,0.0
2026-06-23 01:00:00,20.492084503173828,0.9231563210487366,18.861347198486328,-0.2636564373970032,0.0
2026-06-23 02:00:00,20.140512466430664,0.9238927960395813,8.552417755126953,-0.24998290836811066,0.0
2026-06-23 03:00:00,19.992107391357422,0.926644504070282,8.971439361572266,-0.2277172952890396,0.0
2026-06-23 04:00:00,19.78643035888672,0.9352321028709412,13.045780181884766,-0.07589492946863174,0.0
2026-06-23 05:00:00,19.363956451416016,0.9333828687667847,2.9090006351470947,-0.08147517591714859,0.0
2026-06-23 06:00:00,19.486684799194336,0.9272202253341675,20.547290802001953,-0.16504891216754913,0.0
2026-06-23 07:00:00,20.819225311279297,0.8839814066886902,101.6358413696289,-0.18162624537944794,0.0
2026-06-23 08:00:00,22.569101333618164,0.809314489364624,285.9862365722656,-0.19711072742938995,0.0
2026-06-23 09:00:00,24.231569290161133,0.7273563146591187,481.60284423828125,-0.2492447942495346,0.0
2026-06-23 10:00:00,25.484834671020508,0.6512706875801086,618.7420654296875,-0.19599999487400055,0.0
2026-06-23 11:00:00,26.318979263305664,0.612882137298584,698.2767944335938,-0.10641030222177505,1.0
2026-06-23 12:00:00,26.585208892822266,0.5972034335136414,718.578369140625,0.1482810527086258,1.0
2026-06-23 13:00:00,26.414430618286133,0.6011733412742615,673.7463989257812,0.4703727662563324,1.0
2026-06-23 14:00:00,25.67942237854004,0.6256342530250549,590.7200317382812,0.8890118598937988,2.0
2026-06-23 15:00:00,24.99940299987793,0.6705630421638489,464.79144287109375,1.0349762439727783,2.0
2026-06-23 16:00:00,24.325956344604492,0.7264841794967651,315.1898498535156,0.7763217687606812,2.0
2026-06-23 17:00:00,23.299650192260742,0.7825595736503601,165.5815887451172,0.4608346223831177,1.0
2026-06-23 18:00:00,22.51341438293457,0.8485087752342224,56.860721588134766,0.0778103694319725,1.0
2026-06-23 19:00:00,22.186962127685547,0.8843346834182739,1.9003337621688843,-0.10145748406648636,0.0
2026-06-23 20:00:00,21.857955932617188,0.8992486000061035,-1.1779896020889282,-0.030523277819156647,0.0
2026-06-23 21:00:00,21.479799270629883,0.9111899733543396,3.3622934818267822,-0.10449496656656265,0.0
2026-06-23 22:00:00,21.231555938720703,0.9083132147789001,0.05517993122339249,-0.09881145507097244,0.0
2026-06-23 23:00:00,20.946048736572266,0.9215453863143921,-6.818049907684326,-0.2168428748846054,0.0
2026-06-24 00:00:00,20.639575958251953,0.9327583312988281,14.438312530517578,-0.21414627134799957,0.0
2026-06-24 01:00:00,20.361921310424805,0.9373283982276917,10.629169464111328,-0.21759583055973053,0.0
2026-06-24 02:00:00,19.805025100708008,0.939882755279541,13.313648223876953,-0.13333143293857574,0.0
2026-06-24 03:00:00,19.807790756225586,0.9405460953712463,7.861179828643799,-0.07682610303163528,0.0
2026-06-24 04:00:00,19.683805465698242,0.938357949256897,3.5117228031158447,-0.003220893908292055,0.0
2026-06-24 05:00:00,19.322370529174805,0.9429033398628235,-1.6625934839248657,-0.037890829145908356,0.0
2026-06-24 06:00:00,19.347135543823242,0.9293180704116821,6.374058246612549,-0.03705645352602005,0.0
2026-06-24 07:00:00,20.59967613220215,0.8907715678215027,88.11470031738281,-0.03103620558977127,0.0
2026-06-24 08:00:00,22.414085388183594,0.8169212341308594,264.94293212890625,-0.04832223802804947,0.0
2026-06-24 09:00:00,24.10286521911621,0.7290771007537842,471.5120544433594,-0.0939641073346138,0.0
2026-06-24 10:00:00,25.296859741210938,0.654390811920166,617.45751953125,-0.06643108278512955,0.0
2026-06-24 11:00:00,26.13518524169922,0.6120854616165161,709.71728515625,-0.06879634410142899,0.0
2026-06-24 12:00:00,26.488500595092773,0.5987206101417542,720.6049194335938,0.1931578665971756,1.0
2026-06-24 13:00:00,26.454879760742188,0.6076731085777283,676.10009765625,0.43202781677246094,1.0
2026-06-24 14:00:00,25.71433448791504,0.6433941125869751,596.1672973632812,0.7216100692749023,2.0
2026-06-24 15:00:00,25.1885986328125,0.6802481412887573,484.935302734375,0.7792762517929077,2.0
2026-06-24 16:00:00,24.46114158630371,0.7232484817504883,319.6551513671875,0.49841952323913574,2.0
2026-06-24 17:00:00,23.395803451538086,0.7794349789619446,172.31161499023438,0.2587510049343109,1.0
2026-06-24 18:00:00,22.501239776611328,0.8421922922134399,67.8625717163086,-0.16165055334568024,1.0
2026-06-24 19:00:00,22.15447425842285,0.8875650763511658,15.208850860595703,-0.19289593398571014,1.0
2026-06-24 20:00:00,21.771516799926758,0.8960583209991455,5.349461078643799,-0.2236882597208023,0.0
2026-06-24 21:00:00,21.449966430664062,0.8897188305854797,10.934345245361328,-0.18951581418514252,0.0
2026-06-24 22:00:00,21.066280364990234,0.8962823152542114,2.0147593021392822,-0.1326630860567093,0.0
2026-06-24 23:00:00,20.79762840270996,0.9121617674827576,3.7401468753814697,-0.11302442103624344,0.0
2026-06-25 00:00:00,20.54893684387207,0.9135234355926514,7.291004657745361,-0.18007175624370575,0.0
2026-06-25 01:00:00,20.311567306518555,0.9198688268661499,7.227680683135986,-0.09966553002595901,0.0
2026-06-25 02:00:00,19.795358657836914,0.9274489283561707,12.220508575439453,-0.09236712008714676,0.0
2026-06-25 03:00:00,19.68347930908203,0.9277989864349365,4.636234760284424,-0.04045576602220535,0.0
2026-06-25 04:00:00,19.575239181518555,0.9324775338172913,2.6628916263580322,-0.03528717905282974,0.0
2026-06-25 05:00:00,19.092605590820312,0.93519526720047,-5.484920024871826,-0.04536203294992447,0.0
2026-06-25 06:00:00,19.132835388183594,0.9274715185165405,-1.4554401636123657,-0.03208456188440323,0.0
2026-06-25 07:00:00,20.426424026489258,0.8895016312599182,84.4143295288086,-0.08292344957590103,0.0
2026-06-25 08:00:00,22.16535758972168,0.8097007274627686,261.90118408203125,-0.1516353338956833,0.0
2026-06-25 09:00:00,23.8518009185791,0.711004376411438,471.4211120605469,-0.16865484416484833,0.0
2026-06-25 10:00:00,25.212759017944336,0.6460472345352173,620.1563110351562,-0.29722321033477783,0.0
2026-06-25 11:00:00,26.075817108154297,0.6053819060325623,719.9219970703125,-0.24894823133945465,0.0
2026-06-25 12:00:00,26.31788444519043,0.603338897228241,731.6602172851562,0.044644661247730255,1.0
2026-06-25 13:00:00,26.268306732177734,0.6056775450706482,676.8197021484375,0.3670555651187897,1.0
2026-06-25 14:00:00,25.598424911499023,0.6349997520446777,578.7349853515625,0.6703078746795654,2.0
2026-06-25 15:00:00,25.064929962158203,0.6786348819732666,468.906005859375,0.6811256408691406,2.0
2026-06-25 16:00:00,24.300058364868164,0.7330310940742493,321.1416320800781,0.4856482744216919,1.0
2026-06-25 17:00:00,23.163593292236328,0.7909298539161682,180.8760223388672,0.04230215400457382,1.0
2026-06-25 18:00:00,22.26767921447754,0.8453971147537231,59.0439338684082,-0.2764415144920349,1.0
2026-06-25 19:00:00,21.816038131713867,0.8783906698226929,5.034199237823486,-0.2763592600822449,1.0
2026-06-25 20:00:00,21.54060173034668,0.8894653916358948,6.157063007354736,-0.21891798079013824,1.0
2026-06-25 21:00:00,21.213504791259766,0.8859046697616577,4.165226459503174,0.02513224631547928,0.0
2026-06-25 22:00:00,21.097837448120117,0.88870769739151,-9.55282211303711,0.056128017604351044,0.0
2026-06-25 23:00:00,20.874818801879883,0.8958695530891418,-4.330455303192139,-0.03915790468454361,0.0
2026-06-26 00:00:00,20.652284622192383,0.9052542448043823,-0.6444507837295532,-0.02771780639886856,0.0
2026-06-26 01:00:00,20.397037506103516,0.9149231314659119,3.0935862064361572,-0.14868368208408356,0.0
2026-06-26 02:00:00,19.831674575805664,0.9185661673545837,4.214817523956299,-0.14738236367702484,0.0
2026-06-26 03:00:00,19.75394058227539,0.9255155324935913,0.4944652020931244,-0.05497638136148453,0.0
2026-06-26 04:00:00,19.448793411254883,0.920903742313385,-2.3703267574310303,0.03387054055929184,0.0
2026-06-26 05:00:00,18.995473861694336,0.9194696545600891,-12.85586166381836,-0.0009802659042179585,0.0
2026-06-26 06:00:00,19.16998863220215,0.9112468957901001,-4.592570781707764,0.06600359827280045,0.0
2026-06-26 07:00:00,20.365211486816406,0.8715128898620605,79.07308197021484,0.0608702078461647,0.0
2026-06-26 08:00:00,22.08525276184082,0.793744683265686,256.8692626953125,-0.023730851709842682,0.0
2026-06-26 09:00:00,23.846656799316406,0.7039347290992737,465.71966552734375,-0.08261958509683609,0.0
2026-06-26 10:00:00,25.160629272460938,0.6380338072776794,631.718017578125,-0.2962645888328552,0.0
2026-06-26 11:00:00,26.03295135498047,0.6073132753372192,712.808349609375,-0.24502412974834442,0.0
2026-06-26 12:00:00,26.326412200927734,0.5947608351707458,723.3204956054688,-0.04732841998338699,0.0
2026-06-26 13:00:00,26.27878761291504,0.598013162612915,663.8544311523438,0.2363334596157074,1.0
2026-06-26 14:00:00,25.697338104248047,0.6237468719482422,580.892822265625,0.7636585235595703,2.0
2026-06-26 15:00:00,25.013591766357422,0.666016697883606,461.0455322265625,0.7903580665588379,2.0
2026-06-26 16:00:00,24.25583839416504,0.7140376567840576,308.6360168457031,0.6263118982315063,2.0
2026-06-26 17:00:00,23.166746139526367,0.7752054333686829,166.4800567626953,0.2251901626586914,1.0
2026-06-26 18:00:00,22.342878341674805,0.8295497894287109,61.31630325317383,-0.00261888699606061,1.0
2026-06-26 19:00:00,21.97553253173828,0.8572174310684204,9.350635528564453,-0.03279847651720047,0.0
2026-06-26 20:00:00,21.63164520263672,0.8724325299263,8.50540542602539,0.03219149261713028,0.0
2026-06-26 21:00:00,21.32033920288086,0.8774917125701904,9.224048614501953,0.14086245000362396,1.0
2026-06-26 22:00:00,21.02906036376953,0.8811085224151611,-7.781230449676514,0.15775512158870697,1.0
2026-06-26 23:00:00,20.80719566345215,0.8781344890594482,-1.9275013208389282,0.15336105227470398,1.0
2026-06-27 00:00:00,20.572961807250977,0.8902423977851868,7.948780536651611,0.01945648342370987,0.0
2026-06-27 01:00:00,20.379093170166016,0.8962408304214478,8.187824249267578,0.012193255126476288,0.0
2026-06-27 02:00:00,19.889719009399414,0.9016388654708862,-3.8856008052825928,0.12774430215358734,1.0
2026-06-27 03:00:00,19.724916458129883,0.9074755907058716,-6.578700542449951,0.2236485779285431,1.0
2026-06-27 04:00:00,19.549604415893555,0.9027092456817627,-4.158061504364014,0.21463611721992493,1.0
2026-06-27 05:00:00,19.0601806640625,0.9049556851387024,-3.1579244136810303,0.2705390155315399,1.0
2026-06-27 06:00:00,19.07488250732422,0.8974810838699341,12.846942901611328,0.2562447786331177,1.0
2026-06-27 07:00:00,20.285446166992188,0.8529287576675415,91.30201721191406,0.3237941861152649,1.0
2026-06-27 08:00:00,21.916383743286133,0.773712158203125,264.55517578125,0.19947892427444458,1.0
2026-06-27 09:00:00,23.745285034179688,0.6876208782196045,468.91461181640625,0.10864516347646713,1.0
2026-06-27 10:00:00,25.028451919555664,0.6177790760993958,620.7261962890625,0.05183056741952896,0.0
2026-06-27 11:00:00,25.8326358795166,0.5765909552574158,709.3832397460938,0.21855781972408295,1.0
2026-06-27 12:00:00,26.23503875732422,0.5610292553901672,719.1790771484375,0.2541651129722595,1.0
2026-06-27 13:00:00,26.149263381958008,0.5575330853462219,669.1046142578125,0.7441835403442383,2.0
2026-06-27 14:00:00,25.5493221282959,0.5806873440742493,578.0433349609375,1.0288697481155396,2.0
2026-06-27 15:00:00,25.052824020385742,0.6231432557106018,455.88623046875,1.1056432723999023,2.0
2026-06-27 16:00:00,24.34688949584961,0.6760914325714111,306.5574951171875,0.8437273502349854,2.0
2026-06-27 17:00:00,23.17770004272461,0.7521597743034363,163.73069763183594,0.40406036376953125,1.0
2026-06-27 18:00:00,22.388471603393555,0.8080463409423828,55.23671340942383,0.04042487591505051,0.0
2026-06-27 19:00:00,21.995670318603516,0.8476253151893616,10.267932891845703,-0.07653666287660599,0.0
2026-06-27 20:00:00,21.608095169067383,0.854731023311615,6.036198139190674,-0.16479887068271637,0.0
2026-06-27 21:00:00,21.2011661529541,0.8599817156791687,2.7845957279205322,-0.08556068688631058,0.0
2026-06-27 22:00:00,20.939992904663086,0.859727680683136,-18.53316879272461,-0.16653214395046234,0.0
2026-06-27 23:00:00,20.69651222229004,0.8626816868782043,-15.002696990966797,-0.26418614387512207,0.0
2026-06-28 00:00:00,20.602882385253906,0.8677622675895691,-3.5088460445404053,-0.3112667202949524,0.0
2026-06-28 01:00:00,20.286211013793945,0.8693971633911133,11.07852554321289,-0.21056748926639557,0.0
2026-06-28 02:00:00,19.838314056396484,0.8679454326629639,0.3070720136165619,-0.11933771520853043,0.0
2026-06-28 03:00:00,19.76677131652832,0.8723222017288208,2.5940439701080322,-0.010915406048297882,0.0
2026-06-28 04:00:00,19.70953369140625,0.8786509037017822,0.3642161786556244,0.09766935557126999,0.0
2026-06-28 05:00:00,19.062232971191406,0.8859401345252991,-10.912837982177734,0.09355530887842178,0.0
2026-06-28 06:00:00,19.131166458129883,0.8764710426330566,1.7273753881454468,0.10844291001558304,1.0
2026-06-28 07:00:00,20.26988983154297,0.842075526714325,93.13421630859375,0.1409555971622467,1.0
2026-06-28 08:00:00,21.92486000061035,0.7695499658584595,267.9385986328125,0.08597075194120407,0.0
2026-06-28 09:00:00,23.603248596191406,0.6837587952613831,461.9310302734375,-0.0012956936843693256,0.0
2026-06-28 10:00:00,24.868770599365234,0.6183255910873413,611.0880737304688,0.08157596737146378,0.0
2026-06-28 11:00:00,25.75779914855957,0.582971453666687,692.2418212890625,0.10907580703496933,1.0
2026-06-28 12:00:00,26.08118438720703,0.5698446035385132,715.1380615234375,0.3949320614337921,1.0
2026-06-28 13:00:00,26.122337341308594,0.5761919617652893,668.9841918945312,0.7127538323402405,2.0
2026-06-28 14:00:00,25.56679344177246,0.5978411436080933,577.7246704101562,0.9345381259918213,2.0
2026-06-28 15:00:00,24.89073371887207,0.6301112771034241,474.09954833984375,1.0091205835342407,2.0
2026-06-28 16:00:00,24.04806900024414,0.688443124294281,324.7705078125,0.9063601493835449,2.0
2026-06-28 17:00:00,23.073238372802734,0.7554102540016174,168.80995178222656,0.4537326991558075,1.0
2026-06-28 18:00:00,22.26447296142578,0.8215797543525696,62.1699104309082,0.0884503498673439,0.0
2026-06-28 19:00:00,21.909778594970703,0.8444055914878845,13.013599395751953,0.05196826905012131,0.0
2026-06-28 20:00:00,21.571596145629883,0.8563783168792725,7.921101093292236,0.036205969750881195,0.0
2026-06-28 21:00:00,21.231168746948242,0.8588064908981323,5.973774433135986,-0.020888932049274445,0.0
2026-06-28 22:00:00,20.902070999145508,0.8662992119789124,-3.5312154293060303,0.007156364154070616,0.0
2026-06-28 23:00:00,20.750459671020508,0.8607965111732483,6.047749042510986,-0.04613972455263138,0.0
2026-06-29 00:00:00,20.573936462402344,0.8581758141517639,11.729450225830078,-0.14728514850139618,0.0
2026-06-29 01:00:00,20.466875076293945,0.859342098236084,11.91080093383789,-0.11594826728105545,0.0
2026-06-29 02:00:00,19.966415405273438,0.8565642833709717,1.0415385961532593,-0.027525581419467926,0.0
2026-06-29 03:00:00,19.83234977722168,0.861696183681488,-1.1413379907608032,0.026626132428646088,0.0
2026-06-29 04:00:00,19.59699821472168,0.8661526441574097,-1.2330280542373657,0.04969333857297897,0.0
2026-06-29 05:00:00,19.135135650634766,0.8742930889129639,-12.660655975341797,0.01476762443780899,0.0
2026-06-29 06:00:00,19.16741943359375,0.8649485111236572,-0.8197895288467407,-0.08156783133745193,0.0
2026-06-29 07:00:00,20.384841918945312,0.8245073556900024,93.24092864990234,-0.16866816580295563,0.0
2026-06-29 08:00:00,22.015474319458008,0.7564336657524109,270.19873046875,-0.06792861968278885,0.0
2026-06-29 09:00:00,23.60220718383789,0.6675287485122681,469.938232421875,-0.025817520916461945,0.0
2026-06-29 10:00:00,25.076417922973633,0.6018533110618591,627.8837280273438,-0.07117367535829544,0.0
2026-06-29 11:00:00,25.997068405151367,0.5585097074508667,710.556396484375,-0.11622831970453262,1.0
2026-06-29 12:00:00,26.291627883911133,0.5487799048423767,731.6353149414062,-0.0546119287610054,1.0
2026-06-29 13:00:00,26.294479370117188,0.5658074617385864,677.8143310546875,0.23323886096477509,1.0
2026-06-29 14:00:00,25.586008071899414,0.5866385698318481,596.1012573242188,0.5430976748466492,2.0
2026-06-29 15:00:00,25.127445220947266,0.6397343873977661,482.58563232421875,0.5808586478233337,2.0
2026-06-29 16:00:00,24.381433486938477,0.6980431079864502,333.1553039550781,0.18434253334999084,1.0
2026-06-29 17:00:00,23.18696403503418,0.7582448720932007,183.36061096191406,-0.16836656630039215,1.0
2026-06-29 18:00:00,22.29526710510254,0.8245959281921387,70.25841522216797,-0.3892362117767334,1.0
2026-06-29 19:00:00,22.07135772705078,0.8611465096473694,16.755496978759766,-0.4157138466835022,0.0
2026-06-29 20:00:00,21.68077850341797,0.8718888163566589,8.625324249267578,-0.3135433793067932,0.0
2026-06-29 21:00:00,21.257495880126953,0.8702436089515686,1.1011241674423218,-0.23682571947574615,0.0
2026-06-29 22:00:00,20.987934112548828,0.8699820637702942,-11.529903411865234,-0.15573827922344208,0.0
2026-06-29 23:00:00,20.775997161865234,0.8625577688217163,-5.061732769012451,-0.21795298159122467,0.0
2026-06-30 00:00:00,20.589345932006836,0.8681122660636902,-0.09176220744848251,-0.24448172748088837,0.0
2026-06-30 01:00:00,20.23517417907715,0.8775058388710022,4.896412372589111,-0.2541196942329407,0.0
2026-06-30 02:00:00,19.82520294189453,0.877320408821106,-3.5448262691497803,-0.06006181985139847,0.0
2026-06-30 03:00:00,19.657859802246094,0.8756592869758606,-1.8457294702529907,0.05978930741548538,0.0
2026-06-30 04:00:00,19.51038932800293,0.8720857501029968,-7.234263896942139,0.08481936901807785,0.0
2026-06-30 05:00:00,19.109962463378906,0.8708627820014954,-18.76717758178711,0.017738215625286102,0.0
2026-06-30 06:00:00,19.09093475341797,0.8664483428001404,4.539555072784424,0.10291501134634018,1.0
2026-06-30 07:00:00,20.448055267333984,0.8298007249832153,95.56249237060547,0.005803800653666258,0.0
2026-06-30 08:00:00,22.220504760742188,0.7569291591644287,264.1233825683594,0.002694911789149046,0.0
2026-06-30 09:00:00,23.704235076904297,0.6718586087226868,468.5366516113281,0.0029474119655787945,0.0
2026-06-30 10:00:00,25.042640686035156,0.6017491817474365,615.6202392578125,-0.0117097869515419,0.0
2026-06-30 11:00:00,25.89381217956543,0.5635243654251099,706.501953125,0.08679945021867752,0.0
2026-06-30 12:00:00,26.350967407226562,0.5555321574211121,724.452392578125,0.3696137070655823,1.0
2026-06-30 13:00:00,26.267635345458984,0.5628254413604736,672.9093017578125,0.5979078412055969,2.0
2026-06-30 14:00:00,25.713457107543945,0.5844564437866211,577.0768432617188,0.892721951007843,2.0
2026-06-30 15:00:00,25.05384635925293,0.6371729373931885,469.61846923828125,0.8312767744064331,2.0
2026-06-30 16:00:00,24.411495208740234,0.6983780860900879,318.8104248046875,0.5233445763587952,2.0
2026-06-30 17:00:00,23.25825309753418,0.7624384760856628,176.5241241455078,0.17405344545841217,1.0
2026-06-30 18:00:00,22.43458366394043,0.8345739245414734,68.89937591552734,-0.08793366700410843,1.0
2026-06-30 19:00:00,22.144771575927734,0.8691123723983765,14.533527374267578,-0.03943563252687454,0.0
2026-06-30 20:00:00,21.697818756103516,0.8793072700500488,11.552417755126953,-0.04572806507349014,0.0
2026-06-30 21:00:00,21.28085708618164,0.8711892366409302,4.511967182159424,0.052464403212070465,0.0
2026-06-30 22:00:00,21.016704559326172,0.8712505102157593,2.2196390628814697,0.01792611926794052,0.0
2026-06-30 23:00:00,20.809934616088867,0.8763862252235413,0.8495219945907593,-0.06788236647844315,0.0
